"Officename","pincode","officeType","Deliverystatus","divisionname","Region name","Circlename","Taluk","Districtname","State name","pricing_code"
"Gandhi Nagar S.O (East Delhi)","110031","S.O","Delivery","Delhi East","Delhi","Delhi","NA","East Delhi","DELHI","DLH"
"Jhilmil H.O","110095","H.O","Delivery","Delhi East","Delhi","Delhi","NA","East Delhi","DELHI","DLH"
"Patparganj S.O","110091","S.O","Delivery","Delhi East","Delhi","Delhi","NA","East Delhi","DELHI","DLH"
"Karawal Nagar S.O","110090","S.O","Delivery","Delhi East","Delhi","Delhi","NA","East Delhi","DELHI","DLH"
"Laxmi Nagar S.O (East Delhi)","110092","S.O","Delivery","Delhi East","Delhi","Delhi","NA","East Delhi","DELHI","DLH"
"Gokal Puri S.O","110094","S.O","Delivery","Delhi East","Delhi","Delhi","NA","East Delhi","DELHI","DLH"
"Nand Nagri ""C"" S.O","110093","S.O","Delivery","Delhi East","Delhi","Delhi","NA","East Delhi","DELHI","DLH"
"Seelampur S.O","110053","S.O","Delivery","Delhi East","Delhi","Delhi","NA","East Delhi","DELHI","DLH"
"Krishna Nagar H.O","110051","H.O","Delivery","Delhi East","Delhi","Delhi","NA","East Delhi","DELHI","DLH"
"Shahdara S.O","110032","S.O","Delivery","Delhi East","Delhi","Delhi","NA","East Delhi","DELHI","DLH"
"Vasundhra Enclave S.O","110096","S.O","Delivery","Delhi East","Delhi","Delhi","NA","East Delhi","DELHI","DLH"
"Delhi G.P.O. ","110006","H.O","Delivery","Delhi GPO","Delhi","Delhi","Delhi","North Delhi","DELHI","DLH"
"Alipur S.O","110036","S.O","Delivery","Delhi North","Delhi","Delhi","Delhi","North West Delhi","DELHI","DLH"
"Hareveli B.O","110039","B.O","Delivery","Delhi North","Delhi","Delhi","Delhi","North West Delhi","DELHI","DLH"
"Khera Khurd B.O","110082","B.O","Delivery","Delhi North","Delhi","Delhi","Delhi","North West Delhi","DELHI","DLH"
"Mubarak Pur Dabas B.O","110081","B.O","Delivery","Delhi North","Delhi","Delhi","Delhi","North West Delhi","DELHI","DLH"
"Nangal Thakran B.O","110039","B.O","Delivery","Delhi North","Delhi","Delhi","Delhi","North West Delhi","DELHI","DLH"
"Narela S.O","110040","S.O","Delivery","Delhi North","Delhi","Delhi","Delhi","North West Delhi","DELHI","DLH"
"Palla B.O","110036","B.O","Delivery","Delhi North","Delhi","Delhi","Delhi","North West Delhi","DELHI","DLH"
"Pooth Kalan B.O","110086","B.O","Delivery","Delhi North","Delhi","Delhi","Delhi","North West Delhi","DELHI","DLH"
"Qutabagarh B.O","110039","B.O","Delivery","Delhi North","Delhi","Delhi","Delhi","North West Delhi","DELHI","DLH"
"Rani Khera B.O","110081","B.O","Delivery","Delhi North","Delhi","Delhi","Delhi","North West Delhi","DELHI","DLH"
"Jharoda Majraa B.O","110084","B.O","Delivery","Delhi North","Delhi","Delhi","Delhi","North Delhi","DELHI","DLH"
"Nizampur B.O","110081","B.O","Delivery","Delhi North","Delhi","Delhi","Delhi","North West Delhi","DELHI","DLH"
"Pooth Khurd B.O","110039","B.O","Delivery","Delhi North","Delhi","Delhi","Delhi","North West Delhi","DELHI","DLH"
"Shalamar B.O","110088","B.O","Delivery","Delhi North","Delhi","Delhi","Delhi","North West Delhi","DELHI","DLH"
"Siraspur B.O","110042","B.O","Delivery","Delhi North","Delhi","Delhi","Delhi","North West Delhi","DELHI","DLH"
"Begumpur B.O","110086","B.O","Delivery","Delhi North","Delhi","Delhi","Delhi","North West Delhi","DELHI","DLH"
"Lad Pur B.O","110081","B.O","Delivery","Delhi North","Delhi","Delhi","Delhi","North West Delhi","DELHI","DLH"
"Malka Ganj S.O","110007","S.O","Delivery","Delhi North","Delhi","Delhi","Delhi","North Delhi","DELHI","DLH"
"Singhu B.O","110040","B.O","Delivery","Delhi North","Delhi","Delhi","Delhi","North West Delhi","DELHI","DLH"
"Bakhtawar Pur B.O","110036","B.O","Delivery","Delhi North","Delhi","Delhi","Delhi","North West Delhi","DELHI","DLH"
"Bankner B.O","110040","B.O","Delivery","Delhi North","Delhi","Delhi","Delhi","North West Delhi","DELHI","DLH"
"Burari S.O","110084","S.O","Delivery","Delhi North","Delhi","Delhi","Delhi","North Delhi","DELHI","DLH"
"Karala B.O","110081","B.O","Delivery","Delhi North","Delhi","Delhi","Delhi","North West Delhi","DELHI","DLH"
"Lampur B.O","110040","B.O","Delivery","Delhi North","Delhi","Delhi","Delhi","North West Delhi","DELHI","DLH"
"N.S.Mandi S.O","110033","S.O","Delivery","Delhi North","Delhi","Delhi","Delhi","North West Delhi","DELHI","DLH"
"Naya Bans B.O","110082","B.O","Delivery","Delhi North","Delhi","Delhi","Delhi","North West Delhi","DELHI","DLH"
"Shalimar Bagh S.O (North West Delhi)","110088","S.O","Delivery","Delhi North","Delhi","Delhi","Delhi","North West Delhi","DELHI","DLH"
"Gheora B.O","110081","B.O","Delivery","Delhi North","Delhi","Delhi","Delhi","North West Delhi","DELHI","DLH"
"Jaunti B.O","110081","B.O","Delivery","Delhi North","Delhi","Delhi","Delhi","North West Delhi","DELHI","DLH"
"Kanya Gurukul B.O","110040","B.O","Delivery","Delhi North","Delhi","Delhi","Delhi","North West Delhi","DELHI","DLH"
"Khampur B.O","110036","B.O","Delivery","Delhi North","Delhi","Delhi","Delhi","North West Delhi","DELHI","DLH"
"Punjab Khor B.O","110081","B.O","Delivery","Delhi North","Delhi","Delhi","Delhi","North West Delhi","DELHI","DLH"
"Saraswati Vihar S.O","110034","S.O","Delivery","Delhi North","Delhi","Delhi","Delhi","North West Delhi","DELHI","DLH"
"Sultanpuri C Block S.O","110086","S.O","Delivery","Delhi North","Delhi","Delhi","Delhi","North West Delhi","DELHI","DLH"
"Tajpur Kalan B.O","110036","B.O","Delivery","Delhi North","Delhi","Delhi","Delhi","North West Delhi","DELHI","DLH"
"Ashok Vihar H.O","110052","H.O","Delivery","Delhi North","Delhi","Delhi","Delhi","North West Delhi","DELHI","DLH"
"Ghoga B.O","110039","B.O","Delivery","Delhi North","Delhi","Delhi","Delhi","North West Delhi","DELHI","DLH"
"Holambi Kalan B.O","110082","B.O","Delivery","Delhi North","Delhi","Delhi","Delhi","North West Delhi","DELHI","DLH"
"Jagatpur B.O","110084","B.O","Delivery","Delhi North","Delhi","Delhi","Delhi","North Delhi","DELHI","DLH"
"Jat Khore B.O","110039","B.O","Delivery","Delhi North","Delhi","Delhi","Delhi","North West Delhi","DELHI","DLH"
"Kadipur B.O","110036","B.O","Delivery","Delhi North","Delhi","Delhi","Delhi","North West Delhi","DELHI","DLH"
"Khera Kalan S.O","110082","S.O","Delivery","Delhi North","Delhi","Delhi","Delhi","North West Delhi","DELHI","DLH"
"Rohini Sector-7 S.O","110085","S.O","Delivery","Delhi North","Delhi","Delhi","NA","North West Delhi","DELHI","DLH"
"Samai Pur S.O","110042","S.O","Delivery","Delhi North","Delhi","Delhi","Delhi","North West Delhi","DELHI","DLH"
"Barwala B.O","110039","B.O","Delivery","Delhi North","Delhi","Delhi","Delhi","North West Delhi","DELHI","DLH"
"Kanjhawla S.O","110081","S.O","Delivery","Delhi North","Delhi","Delhi","Delhi","North West Delhi","DELHI","DLH"
"Onkar Nagar S.O","110035","S.O","Delivery","Delhi North","Delhi","Delhi","Delhi","North West Delhi","DELHI","DLH"
"Pehlad Pur B.O","110042","B.O","Delivery","Delhi North","Delhi","Delhi","Delhi","North West Delhi","DELHI","DLH"
"Rohini Sector 15 S.O","110089","S.O","Delivery","Delhi North","Delhi","Delhi","NA","North West Delhi","DELHI","DLH"
"Auchandi B.O","110039","B.O","Delivery","Delhi North","Delhi","Delhi","Delhi","North West Delhi","DELHI","DLH"
"Bawana S.O","110039","S.O","Delivery","Delhi North","Delhi","Delhi","Delhi","North West Delhi","DELHI","DLH"
"Chand Pur B.O","110081","B.O","Delivery","Delhi North","Delhi","Delhi","Delhi","North West Delhi","DELHI","DLH"
"Civil Lines S.O (North Delhi)","110054","S.O","Delivery","Delhi North","Delhi","Delhi","Delhi","North Delhi","DELHI","DLH"
"G.T.B.Nagar S.O","110009","S.O","Delivery","Delhi North","Delhi","Delhi","Delhi","North West Delhi","DELHI","DLH"
"Katewara B.O","110039","B.O","Delivery","Delhi North","Delhi","Delhi","Delhi","North West Delhi","DELHI","DLH"
"Majra Dabas B.O","110081","B.O","Delivery","Delhi North","Delhi","Delhi","Delhi","North West Delhi","DELHI","DLH"
"Mangolpuri N Block S.O","110083","S.O","Delivery","Delhi North","Delhi","Delhi","Delhi","North West Delhi","DELHI","DLH"
"Shakur Basti Depot S.O","110056","S.O","Delivery","Delhi North","Delhi","Delhi","Delhi","North West Delhi","DELHI","DLH"
"Nirman Bhawan S.O","110011","S.O","Delivery","New Delhi Central","Delhi","Delhi","New Delhi","Central Delhi","DELHI","DLH"
"Rashtrapati Bhawan S.O","110004","S.O","Delivery","New Delhi Central","Delhi","Delhi","New Delhi","Central Delhi","DELHI","DLH"
"Karol Bagh S.O","110005","S.O","Delivery","New Delhi Central","Delhi","Delhi","New Delhi","Central Delhi","DELHI","DLH"
"Indraprastha H.O","110002","H.O","Delivery","New Delhi Central","Delhi","Delhi","New Delhi","Central Delhi","DELHI","DLH"
"Patel Nagar S.O (Central Delhi)","110008","S.O","Delivery","New Delhi Central","Delhi","Delhi","New Delhi","Central Delhi","DELHI","DLH"
"Union Public Service Commission S.O","110069","S.O","Delivery","New Delhi Central","Delhi","Delhi","New Delhi","Central Delhi","DELHI","DLH"
"I.A.R.I. S.O","110012","S.O","Delivery","New Delhi Central","Delhi","Delhi","New Delhi","Central Delhi","DELHI","DLH"
"Rajender Nagar S.O","110060","S.O","Delivery","New Delhi Central","Delhi","Delhi","New Delhi","Central Delhi","DELHI","DLH"
"Swami Ram Tirth Nagar S.O","110055","S.O","Delivery","New Delhi Central","Delhi","Delhi","New Delhi","Central Delhi","DELHI","DLH"
"New Delhi G.P.O. ","110001","H.O","Delivery","New Delhi GPO","Delhi","Delhi","New Delhi","New Delhi","DELHI","DLH"
"Greater Kailash S.O","110048","S.O","Delivery","New Delhi South","Delhi","Delhi","New Delhi","South Delhi","DELHI","DLH"
"Hazrat Nizamuddin S.O","110013","S.O","Delivery","New Delhi South","Delhi","Delhi","New Delhi","South Delhi","DELHI","DLH"
"Lajpat Nagar (South Delhi) S.O","110024","S.O","Delivery","New Delhi South","Delhi","Delhi","New Delhi","South Delhi","DELHI","DLH"
"Badarpur S.O (South Delhi)","110044","S.O","Delivery","New Delhi South","Delhi","Delhi","New Delhi","South Delhi","DELHI","DLH"
"Okhla Industrial Estate S.O","110020","S.O","Delivery","New Delhi South","Delhi","Delhi","New Delhi","South Delhi","DELHI","DLH"
"Sarita Vihar S.O","110076","S.O","Delivery","New Delhi South","Delhi","Delhi","New Delhi","South Delhi","DELHI","DLH"
"Jungpura S.O","110014","S.O","Delivery","New Delhi South","Delhi","Delhi","New Delhi","South Delhi","DELHI","DLH"
"Malviya Nagar S.O (South Delhi)","110017","S.O","Delivery","New Delhi South","Delhi","Delhi","New Delhi","South Delhi","DELHI","DLH"
"Kalkaji H.O","110019","H.O","Delivery","New Delhi South","Delhi","Delhi","New Delhi","South Delhi","DELHI","DLH"
"New Friends Colony S.O","110025","S.O","Delivery","New Delhi South","Delhi","Delhi","New Delhi","South Delhi","DELHI","DLH"
"Pushpa Bhawan S.O","110062","S.O","Delivery","New Delhi South","Delhi","Delhi","New Delhi","South Delhi","DELHI","DLH"
"Lodi Road H.O","110003","H.O","Delivery","New Delhi South","Delhi","Delhi","New Delhi","South Delhi","DELHI","DLH"
"Andrewsganj S.O","110049","S.O","Delivery","New Delhi South","Delhi","Delhi","New Delhi","South Delhi","DELHI","DLH"
"Sriniwaspuri S.O","110065","S.O","Delivery","New Delhi South","Delhi","Delhi","New Delhi","South Delhi","DELHI","DLH"
"Sangam Vihar S.O","110080","S.O","Delivery","New Delhi South","Delhi","Delhi","South Delhi","South Delhi","DELHI","DLH"
"A F Rajokari S.O","110038","S.O","Delivery","New Delhi South West","Delhi","Delhi","NA","South West Delhi","DELHI","DLH"
"Arjungarh S.O","110047","S.O","Delivery","New Delhi South West","Delhi","Delhi","NA","South West Delhi","DELHI","DLH"
"Chanakya Puri S.O","110021","S.O","Delivery","New Delhi South West","Delhi","Delhi","NA","South West Delhi","DELHI","DLH"
"Ignou S.O","110068","S.O","Delivery","New Delhi South West","Delhi","Delhi","NA","South West Delhi","DELHI","DLH"
"J.N.U. S.O","110067","S.O","Delivery","New Delhi South West","Delhi","Delhi","NA","South West Delhi","DELHI","DLH"
"Vasant Kunj S.O","110070","S.O","Delivery","New Delhi South West","Delhi","Delhi","NA","South West Delhi","DELHI","DLH"
"Mehrauli S.O","110030","S.O","Delivery","New Delhi South West","Delhi","Delhi","NA","South West Delhi","DELHI","DLH"
"Kapashera S.O.","110097","S.O","Delivery","New Delhi South West","Delhi","Delhi","NA","South West Delhi","DELHI","DLH"
"Vasant Vihar-1 S.O","110057","S.O","Delivery","New Delhi South West","Delhi","Delhi","NA","South West Delhi","DELHI","DLH"
"Bijwasan S.O","110061","S.O","Delivery","New Delhi South West","Delhi","Delhi","NA","South West Delhi","DELHI","DLH"
"Hauz Khas S.O","110016","S.O","Delivery","New Delhi South West","Delhi","Delhi","NA","South West Delhi","DELHI","DLH"
"R K Puram (Main) S.O","110066","S.O","Delivery","New Delhi South West","Delhi","Delhi","NA","South West Delhi","DELHI","DLH"
"Sarojini Nagar H.O","110023","H.O","Delivery","New Delhi South West","Delhi","Delhi","Delhi","South West Delhi","DELHI","DLH"
"Chattarpur S.O","110074","S.O","Delivery","New Delhi South West","Delhi","Delhi","NA","South West Delhi","DELHI","DLH"
"Delhi Cantt S.O","110010","S.O","Delivery","New Delhi South West","Delhi","Delhi","NA","South West Delhi","DELHI","DLH"
"Gurgaon Road S.O","110037","S.O","Delivery","New Delhi South West","Delhi","Delhi","NA","South West Delhi","DELHI","DLH"
"Safdarjung Enclave S.O","110029","S.O","Delivery","New Delhi South West","Delhi","Delhi","NA","South West Delhi","DELHI","DLH"
"R K Puram Sect-5 S.O","110022","S.O","Delivery","New Delhi South West","Delhi","Delhi","NA","South West Delhi","DELHI","DLH"
"Bagdola B.O","110077","B.O","Delivery","New Delhi West","Delhi","Delhi","New Delhi","South West Delhi","DELHI","DLH"
"Mitraon B.O","110043","B.O","Delivery","New Delhi West","Delhi","Delhi","New Delhi","South West Delhi","DELHI","DLH"
"Ramesh Nagar H.O","110015","H.O","Delivery","New Delhi West","Delhi","Delhi","New Delhi","West Delhi","DELHI","DLH"
"Sunder Vihar S.O","110087","S.O","Delivery","New Delhi West","Delhi","Delhi","New Delhi","West Delhi","DELHI","DLH"
"Amberhai B.O","110075","B.O","Delivery","New Delhi West","Delhi","Delhi","New Delhi","South West Delhi","DELHI","DLH"
"Barthal B.O","110077","B.O","Delivery","New Delhi West","Delhi","Delhi","New Delhi","South West Delhi","DELHI","DLH"
"Hirankudna B.O","110041","B.O","Delivery","New Delhi West","Delhi","Delhi","New Delhi","West Delhi","DELHI","DLH"
"Janakpuri B-1 S.O","110058","S.O","Delivery","New Delhi West","Delhi","Delhi","New Delhi","West Delhi","DELHI","DLH"
"Daulatpur B.O","110043","B.O","Delivery","New Delhi West","Delhi","Delhi","New Delhi","South West Delhi","DELHI","DLH"
"Dichaun Kalan B.O","110043","B.O","Delivery","New Delhi West","Delhi","Delhi","New Delhi","South West Delhi","DELHI","DLH"
"Punjabi Bagh S.O","110026","S.O","Delivery","New Delhi West","Delhi","Delhi","NA","West Delhi","DELHI","DLH"
"Ujwa S.O","110073","S.O","Delivery","New Delhi West","Delhi","Delhi","New Delhi","South West Delhi","DELHI","DLH"
"D C Goyla B.O","110071","B.O","Delivery","New Delhi West","Delhi","Delhi","New Delhi","South West Delhi","DELHI","DLH"
"Kakrola B.O","110078","B.O","Delivery","New Delhi West","Delhi","Delhi","New Delhi","South West Delhi","DELHI","DLH"
"Nangal Raya S.O","110046","S.O","Delivery","New Delhi West","Delhi","Delhi","New Delhi","South West Delhi","DELHI","DLH"
"Nangloi S.O","110041","S.O","Delivery","New Delhi West","Delhi","Delhi","New Delhi","West Delhi","DELHI","DLH"
"Palam Village S.O","110045","S.O","Delivery","New Delhi West","Delhi","Delhi","New Delhi","South West Delhi","DELHI","DLH"
"Mundela Kalan B.O","110073","B.O","Delivery","New Delhi West","Delhi","Delhi","New Delhi","South West Delhi","DELHI","DLH"
"N.S.I.T. Dwarka S.O","110078","S.O","Delivery","New Delhi West","Delhi","Delhi","New Delhi","South West Delhi","DELHI","DLH"
"Najafgarh S.O","110043","S.O","Delivery","New Delhi West","Delhi","Delhi","New Delhi","South West Delhi","DELHI","DLH"
"Paschim Vihar S.O","110063","S.O","Delivery","New Delhi West","Delhi","Delhi","New Delhi","West Delhi","DELHI","DLH"
"Tilangpur Kotla B.O","110043","B.O","Delivery","New Delhi West","Delhi","Delhi","New Delhi","South West Delhi","DELHI","DLH"
"Maya Puri S.O","110064","S.O","Delivery","New Delhi West","Delhi","Delhi","New Delhi","South West Delhi","DELHI","DLH"
"Naraina Industrial Estate H.O","110028","H.O","Delivery","New Delhi West","Delhi","Delhi","New Delhi","South West Delhi","DELHI","DLH"
"Pandwala Kalan B.O","110043","B.O","Delivery","New Delhi West","Delhi","Delhi","New Delhi","South West Delhi","DELHI","DLH"
"Raj Nagar - II S.O","110077","S.O","Delivery","New Delhi West","Delhi","Delhi","New Delhi","South West Delhi","DELHI","DLH"
"Tagore Garden S.O","110027","S.O","Delivery","New Delhi West","Delhi","Delhi","New Delhi","West Delhi","DELHI","DLH"
"Tilak Nagar S.O (West Delhi)","110018","S.O","Delivery","New Delhi West","Delhi","Delhi","New Delhi","West Delhi","DELHI","DLH"
"Bakkarwala B.O","110041","B.O","Delivery","New Delhi West","Delhi","Delhi","New Delhi","West Delhi","DELHI","DLH"
"Chhawla S.O","110071","S.O","Delivery","New Delhi West","Delhi","Delhi","New Delhi","South West Delhi","DELHI","DLH"
"CRPF Jharoda Kalan S.O","110072","S.O","Delivery","New Delhi West","Delhi","Delhi","NA","South West Delhi","DELHI","DLH"
"D. K. Mohan Garden S.O","110059","S.O","Delivery","New Delhi West","Delhi","Delhi","New Delhi","West Delhi","DELHI","DLH"
"Jafarpur B.O","110073","B.O","Delivery","New Delhi West","Delhi","Delhi","New Delhi","South West Delhi","DELHI","DLH"
"Dhulsiras B.O","110077","B.O","Delivery","New Delhi West","Delhi","Delhi","New Delhi","South West Delhi","DELHI","DLH"
"Dwarka Sec-6 S.O","110075","S.O","Delivery","New Delhi West","Delhi","Delhi","New Delhi","South West Delhi","DELHI","DLH"
"Jhatikara B.O","110043","B.O","Delivery","New Delhi West","Delhi","Delhi","New Delhi","South West Delhi","DELHI","DLH"
"Akoda B.O","123029","B.O","Delivery","Gurgaon","Ambala  HQ","Haryana","Akoda","Mahendragarh","HARYANA","NCR"
"Baslambi B.O","122503","B.O","Delivery","Gurgaon","Ambala  HQ","Haryana","NA","Gurgaon","HARYANA","NCR"
"Bikaner B.O","123401","B.O","Delivery","Gurgaon","Ambala  HQ","Haryana","Bikaner","Rewari","HARYANA","NCR"
"Daroli Ahir B.O","123028","B.O","Delivery","Gurgaon","Ambala  HQ","Haryana","Daroli Ahir","Mahendragarh","HARYANA","NCR"
"Dhankot B.O","122505","B.O","Delivery","Gurgaon","Ambala  HQ","Haryana","NA","Gurgaon","HARYANA","NCR"
"Dublana B.O","123001","B.O","Delivery","Gurgaon","Ambala  HQ","Haryana","Narnaul","Mahendragarh","HARYANA","NCR"
"Ferozepur Jhirka S.O","122104","S.O","Delivery","Gurgaon","Ambala  HQ","Haryana","Ferozepur Jhirka","Gurgaon","HARYANA","NCR"
"Ferozepur Namak B.O","122107","B.O","Delivery","Gurgaon","Ambala  HQ","Haryana","NA","Gurgaon","HARYANA","NCR"
"Gujarwas B.O","123021","B.O","Delivery","Gurgaon","Ambala  HQ","Haryana","Gujarwas","Mahendragarh","HARYANA","NCR"
"Guraora B.O","123035","B.O","Delivery","Gurgaon","Ambala  HQ","Haryana","Guraora","Rewari","HARYANA","NCR"
"Haillymandi S.O","122504","S.O","Delivery","Gurgaon","Ambala  HQ","Haryana","Haillymandi","Gurgaon","HARYANA","NCR"
"Jhagroli B.O","123034","B.O","Delivery","Gurgaon","Ambala  HQ","Haryana","Jhagroli","Rewari","HARYANA","NCR"
"Jholri B.O","123303","B.O","Delivery","Gurgaon","Ambala  HQ","Haryana","Jhoiri","Mahendragarh","HARYANA","NCR"
"Kakoria B.O","122502","B.O","Delivery","Gurgaon","Ambala  HQ","Haryana","NA","Gurgaon","HARYANA","NCR"
"Khandewia B.O","122504","B.O","Delivery","Gurgaon","Ambala  HQ","Haryana","NA","Gurgaon","HARYANA","NCR"
"Khatod B.O","123029","B.O","Delivery","Gurgaon","Ambala  HQ","Haryana","Khatod","Mahendragarh","HARYANA","NCR"
"Kherla B.O","122102","B.O","Delivery","Gurgaon","Ambala  HQ","Haryana","NA","Gurgaon","HARYANA","NCR"
"KherliLala B.O","122103","B.O","Delivery","Gurgaon","Ambala  HQ","Haryana","Sohna","Gurgaon","HARYANA","NCR"
"Kosli S.O","123302","S.O","Delivery","Gurgaon","Ambala  HQ","Haryana","Kosli","Rewari","HARYANA","NCR"
"Lohinga Kalan B.O","122508","B.O","Delivery","Gurgaon","Ambala  HQ","Haryana","NA","Gurgaon","HARYANA","NCR"
"Majra Gurdas B.O","123401","B.O","Delivery","Gurgaon","Ambala  HQ","Haryana","Majra Gurdas","Rewari","HARYANA","NCR"
"Malab B.O","122107","B.O","Delivery","Gurgaon","Ambala  HQ","Haryana","NA","Gurgaon","HARYANA","NCR"
"Mankdola B.O","122505","B.O","Delivery","Gurgaon","Ambala  HQ","Haryana","Garhi Harsaru","Gurgaon","HARYANA","NCR"
"Nagal Nunia B.O","123023","B.O","Delivery","Gurgaon","Ambala  HQ","Haryana","Narnaul","Mahendragarh","HARYANA","NCR"
"Nangal Chaudhry S.O","123023","S.O","Delivery","Gurgaon","Ambala  HQ","Haryana","Narnaul","Mahendragarh","HARYANA","NCR"
"Nangli Godha B.O","123401","B.O","Delivery","Gurgaon","Ambala  HQ","Haryana","Nangli Godha","Rewari","HARYANA","NCR"
"Nayagaon B.O","123303","B.O","Delivery","Gurgaon","Ambala  HQ","Haryana","Naigawan","Mahendragarh","HARYANA","NCR"
"Nimbi B.O","123029","B.O","Delivery","Gurgaon","Ambala  HQ","Haryana","Nimbi","Mahendragarh","HARYANA","NCR"
"Nsg Camp Manesar S.O","122051","S.O","Delivery","Gurgaon","Ambala  HQ","Haryana","Nsg Camp Manesar","Gurgaon","HARYANA","NCR"
"Pahari B.O","122502","B.O","Delivery","Gurgaon","Ambala  HQ","Haryana","NA","Gurgaon","HARYANA","NCR"
"Paltra B.O","122101","B.O","Delivery","Gurgaon","Ambala  HQ","Haryana","NA","Gurgaon","HARYANA","NCR"
"Pithrawas B.O","123101","B.O","Delivery","Gurgaon","Ambala  HQ","Haryana","Rewari","Rewari","HARYANA","NCR"
"Railwary Road S.O","122006","S.O","Delivery","Gurgaon","Ambala  HQ","Haryana","Railway Road","Gurgaon","HARYANA","NCR"
"Raisina B.O","122102","B.O","Delivery","Gurgaon","Ambala  HQ","Haryana","NA","Gurgaon","HARYANA","NCR"
"Rawli B.O","122104","B.O","Delivery","Gurgaon","Ambala  HQ","Haryana","NA","Gurgaon","HARYANA","NCR"
"Shyampura B.O","123024","B.O","Delivery","Gurgaon","Ambala  HQ","Haryana","Shyampura","Mahendragarh","HARYANA","NCR"
"Sikrawa B.O","122508","B.O","Delivery","Gurgaon","Ambala  HQ","Haryana","NA","Gurgaon","HARYANA","NCR"
"Sohna S.O","122103","S.O","Delivery","Gurgaon","Ambala  HQ","Haryana","Sohna","Gurgaon","HARYANA","NCR"
"Sulkha B.O","123401","B.O","Delivery","Gurgaon","Ambala  HQ","Haryana","Sulkha","Rewari","HARYANA","NCR"
"Tauru S.O","122105","S.O","Delivery","Gurgaon","Ambala  HQ","Haryana","Tauru","Gurgaon","HARYANA","NCR"
"Tint B.O","123101","B.O","Delivery","Gurgaon","Ambala  HQ","Haryana","Tint","Rewari","HARYANA","NCR"
"Baghanki B.O","122105","B.O","Delivery","Gurgaon","Ambala  HQ","Haryana","Tauru","Gurgaon","HARYANA","NCR"
"Baghthala B.O","123501","B.O","Delivery","Gurgaon","Ambala  HQ","Haryana","Baghthala","Rewari","HARYANA","NCR"
"Balwari B.O","123103","B.O","Delivery","Gurgaon","Ambala  HQ","Haryana","Rewari","Rewari","HARYANA","NCR"
"Basbatori B.O","123101","B.O","Delivery","Gurgaon","Ambala  HQ","Haryana","Basbatori","Rewari","HARYANA","NCR"
"Bawania S.O","123034","S.O","Delivery","Gurgaon","Ambala  HQ","Haryana","Bawania","Mahendragarh","HARYANA","NCR"
"Bayal B.O","123023","B.O","Delivery","Gurgaon","Ambala  HQ","Haryana","Bayal","Mahendragarh","HARYANA","NCR"
"Bhirauti B.O","122103","B.O","Delivery","Gurgaon","Ambala  HQ","Haryana","NA","Gurgaon","HARYANA","NCR"
"Bhucholi B.O","123034","B.O","Delivery","Gurgaon","Ambala  HQ","Haryana","Mahendergarh","Mahendragarh","HARYANA","NCR"
"Bhushan Kalan B.O","123001","B.O","Delivery","Gurgaon","Ambala  HQ","Haryana","Bhushan Kalan","Mahendragarh","HARYANA","NCR"
"C R Mgrh B.O","123029","B.O","Delivery","Gurgaon","Ambala  HQ","Haryana","C R Mgrh","Mahendragarh","HARYANA","NCR"
"Cheelarh B.O","122502","B.O","Delivery","Gurgaon","Ambala  HQ","Haryana","NA","Gurgaon","HARYANA","NCR"
"Daulah B.O","122103","B.O","Delivery","Gurgaon","Ambala  HQ","Haryana","NA","Gurgaon","HARYANA","NCR"
"Dewas B.O","123034","B.O","Delivery","Gurgaon","Ambala  HQ","Haryana","Dewas","Rewari","HARYANA","NCR"
"Dhadhot B.O","123029","B.O","Delivery","Gurgaon","Ambala  HQ","Haryana","Dhadhot","Mahendragarh","HARYANA","NCR"
"Dhani Chitarsain B.O","122413","B.O","Delivery","Gurgaon","Ambala  HQ","Haryana","NA","Gurgaon","HARYANA","NCR"
"DLF Ph-III S.O","122010","S.O","Delivery","Gurgaon","Ambala  HQ","Haryana","Dlf Ph-iii","Gurgaon","HARYANA","NCR"
"Ghungola B.O","122103","B.O","Delivery","Gurgaon","Ambala  HQ","Haryana","NA","Gurgaon","HARYANA","NCR"
"Gujar Majra B.O","123501","B.O","Delivery","Gurgaon","Ambala  HQ","Haryana","Gujar Majra","Rewari","HARYANA","NCR"
"Gulalta B.O","122508","B.O","Delivery","Gurgaon","Ambala  HQ","Haryana","NA","Gurgaon","HARYANA","NCR"
"Gurgaon H.O","122001","H.O","Delivery","Gurgaon","Ambala  HQ","Haryana","Sadar Bazar","Gurgaon","HARYANA","NCR"
"Gurgaon Sector 45 S.O","122003","S.O","Delivery","Gurgaon","Ambala  HQ","Haryana","Sector -45","Gurgaon","HARYANA","NCR"
"Gurgaon Sector 56 S.O","122011","S.O","Delivery","Gurgaon","Ambala  HQ","Haryana","NA","Gurgaon","HARYANA","NCR"
"Hudina B.O","123001","B.O","Delivery","Gurgaon","Ambala  HQ","Haryana","Hudina","Mahendragarh","HARYANA","NCR"
"Jaisinghpur Khera B.O","123501","B.O","Delivery","Gurgaon","Ambala  HQ","Haryana","Jaisinghpur Khera","Rewari","HARYANA","NCR"
"Jataula B.O","122504","B.O","Delivery","Gurgaon","Ambala  HQ","Haryana","NA","Gurgaon","HARYANA","NCR"
"Jatauli B.O","122504","B.O","Delivery","Gurgaon","Ambala  HQ","Haryana","NA","Gurgaon","HARYANA","NCR"
"Jawasi B.O","122105","B.O","Delivery","Gurgaon","Ambala  HQ","Haryana","NA","Gurgaon","HARYANA","NCR"
"Kanwali B.O","123411","B.O","Delivery","Gurgaon","Ambala  HQ","Haryana","Kanwali","Rewari","HARYANA","NCR"
"Khatauli B.O","122414","B.O","Delivery","Gurgaon","Ambala  HQ","Haryana","NA","Gurgaon","HARYANA","NCR"
"Kiranj B.O","122103","B.O","Delivery","Gurgaon","Ambala  HQ","Haryana","NA","Gurgaon","HARYANA","NCR"
"Kohrar B.O","123303","B.O","Delivery","Gurgaon","Ambala  HQ","Haryana","Kohrar","Mahendragarh","HARYANA","NCR"
"Mohindergarh S.O","123029","S.O","Delivery","Gurgaon","Ambala  HQ","Haryana","Mohindergarh","Mahendragarh","HARYANA","NCR"
"Mundi B.O","123411","B.O","Delivery","Gurgaon","Ambala  HQ","Haryana","Mundi","Rewari","HARYANA","NCR"
"Naheda B.O","122508","B.O","Delivery","Gurgaon","Ambala  HQ","Haryana","NA","Gurgaon","HARYANA","NCR"
"Nanukalan S.O","122414","S.O","Delivery","Gurgaon","Ambala  HQ","Haryana","Nanukalan","Gurgaon","HARYANA","NCR"
"Narsinghpur S.O","122004","S.O","Delivery","Gurgaon","Ambala  HQ","Haryana","Narsinghpur","Gurgaon","HARYANA","NCR"
"Neerpur B.O","123001","B.O","Delivery","Gurgaon","Ambala  HQ","Haryana","Neerpur","Mahendragarh","HARYANA","NCR"
"Nuh S.O","122107","S.O","Delivery","Gurgaon","Ambala  HQ","Haryana","Nuh","Gurgaon","HARYANA","NCR"
"Pali B.O","123029","B.O","Delivery","Gurgaon","Ambala  HQ","Haryana","Pali","Mahendragarh","HARYANA","NCR"
"Pranpura B.O","123501","B.O","Delivery","Gurgaon","Ambala  HQ","Haryana","Pranpura","Rewari","HARYANA","NCR"
"Rattan Kalan B.O","123021","B.O","Delivery","Gurgaon","Ambala  HQ","Haryana","Rattan Kalan","Mahendragarh","HARYANA","NCR"
"Sikohpur B.O","122004","B.O","Delivery","Gurgaon","Ambala  HQ","Haryana","NA","Gurgaon","HARYANA","NCR"
"Smaspur B.O","122003","B.O","Delivery","Gurgaon","Ambala  HQ","Haryana","NA","Gurgaon","HARYANA","NCR"
"Sundrah B.O","123034","B.O","Delivery","Gurgaon","Ambala  HQ","Haryana","Sundrah","Rewari","HARYANA","NCR"
"Tain B.O","122107","B.O","Delivery","Gurgaon","Ambala  HQ","Haryana","NA","Gurgaon","HARYANA","NCR"
"Tajpur B.O","123021","B.O","Delivery","Gurgaon","Ambala  HQ","Haryana","Tajpur","Mahendragarh","HARYANA","NCR"
"Teekli B.O","122101","B.O","Delivery","Gurgaon","Ambala  HQ","Haryana","NA","Gurgaon","HARYANA","NCR"
"Ahrod B.O","123102","B.O","Delivery","Gurgaon","Ambala  HQ","Haryana","Ahrod","Rewari","HARYANA","NCR"
"Bachhod B.O","123021","B.O","Delivery","Gurgaon","Ambala  HQ","Haryana","Mandi Ateli","Rewari","HARYANA","NCR"
"Baded B.O","122508","B.O","Delivery","Gurgaon","Ambala  HQ","Haryana","NA","Gurgaon","HARYANA","NCR"
"Baldhan Kalan B.O","123411","B.O","Delivery","Gurgaon","Ambala  HQ","Haryana","Rewari","Rewari","HARYANA","NCR"
"Barkoda B.O","123001","B.O","Delivery","Gurgaon","Ambala  HQ","Haryana","Barkoda","Mahendragarh","HARYANA","NCR"
"Bhondsi S.O","122102","S.O","Delivery","Gurgaon","Ambala  HQ","Haryana","Bhondsi","Gurgaon","HARYANA","NCR"
"Bhotwas Ahir B.O","123101","B.O","Delivery","Gurgaon","Ambala  HQ","Haryana","Bhotwas Ahir","Rewari","HARYANA","NCR"
"Bichhor B.O","122508","B.O","Delivery","Gurgaon","Ambala  HQ","Haryana","NA","Gurgaon","HARYANA","NCR"
"Bisru B.O","122508","B.O","Delivery","Gurgaon","Ambala  HQ","Haryana","NA","Gurgaon","HARYANA","NCR"
"Daultabad B.O","122006","B.O","Delivery","Gurgaon","Ambala  HQ","Haryana","NA","Gurgaon","HARYANA","NCR"
"Dharson B.O","123001","B.O","Delivery","Gurgaon","Ambala  HQ","Haryana","Dharson","Mahendragarh","HARYANA","NCR"
"Dhor Kalan B.O","123001","B.O","Delivery","Gurgaon","Ambala  HQ","Haryana","Dhor Kalan","Mahendragarh","HARYANA","NCR"
"DLF Ph-II S.O","122008","S.O","Delivery","Gurgaon","Ambala  HQ","Haryana","Dlf Ph-ii","Gurgaon","HARYANA","NCR"
"DLF QE S.O","122002","S.O","Delivery","Gurgaon","Ambala  HQ","Haryana","Dlf Qe","Gurgaon","HARYANA","NCR"
"Dochana B.O","123001","B.O","Delivery","Gurgaon","Ambala  HQ","Haryana","Dochana","Mahendragarh","HARYANA","NCR"
"Doha B.O","122104","B.O","Delivery","Gurgaon","Ambala  HQ","Haryana","NA","Gurgaon","HARYANA","NCR"
"Dungerwas B.O","123106","B.O","Delivery","Gurgaon","Ambala  HQ","Haryana","NA","Gurgaon","HARYANA","NCR"
"Garhi Bolni B.O","123401","B.O","Delivery","Gurgaon","Ambala  HQ","Haryana","Garhi Bolni","Rewari","HARYANA","NCR"
"Ghamroj B.O","122102","B.O","Delivery","Gurgaon","Ambala  HQ","Haryana","NA","Gurgaon","HARYANA","NCR"
"Gokalpur B.O","123021","B.O","Delivery","Gurgaon","Ambala  HQ","Haryana","Gokalpur","Mahendragarh","HARYANA","NCR"
"Gugodh B.O","123302","B.O","Delivery","Gurgaon","Ambala  HQ","Haryana","Gugodh","Rewari","HARYANA","NCR"
"Hirwari B.O","122104","B.O","Delivery","Gurgaon","Ambala  HQ","Haryana","NA","Gurgaon","HARYANA","NCR"
"Indir Mewat B.O","122103","B.O","Delivery","Gurgaon","Ambala  HQ","Haryana","NA","Gurgaon","HARYANA","NCR"
"Industrial Complex Dundahera S.O","122016","S.O","Delivery","Gurgaon","Ambala  HQ","Haryana","Industrial Complex Dundahera","Gurgaon","HARYANA","NCR"
"Jharoda B.O","123303","B.O","Delivery","Gurgaon","Ambala  HQ","Haryana","Jharoda","Mahendragarh","HARYANA","NCR"
"Jharsa B.O","122003","B.O","Delivery","Gurgaon","Ambala  HQ","Haryana","NA","Gurgaon","HARYANA","NCR"
"Jhook B.O","123029","B.O","Delivery","Gurgaon","Ambala  HQ","Haryana","Jhook","Mahendragarh","HARYANA","NCR"
"Kannaura B.O","123035","B.O","Delivery","Gurgaon","Ambala  HQ","Haryana","Kannaura","Rewari","HARYANA","NCR"
"Karola B.O","122504","B.O","Delivery","Gurgaon","Ambala  HQ","Haryana","NA","Gurgaon","HARYANA","NCR"
"Karota B.O","123001","B.O","Delivery","Gurgaon","Ambala  HQ","Haryana","Karota","Mahendragarh","HARYANA","NCR"
"Khor B.O","122414","B.O","Delivery","Gurgaon","Ambala  HQ","Haryana","NA","Gurgaon","HARYANA","NCR"
"Khudana B.O","123029","B.O","Delivery","Gurgaon","Ambala  HQ","Haryana","Khudana","Mahendragarh","HARYANA","NCR"
"Kothal Khurd B.O","123028","B.O","Delivery","Gurgaon","Ambala  HQ","Haryana","Kothal Khurd","Mahendragarh","HARYANA","NCR"
"Kultazpur B.O","123001","B.O","Delivery","Gurgaon","Ambala  HQ","Haryana","Kultazpur","Mahendragarh","HARYANA","NCR"
"Lawan B.O","123029","B.O","Delivery","Gurgaon","Ambala  HQ","Haryana","Lawan","Mahendragarh","HARYANA","NCR"
"Lokra B.O","122414","B.O","Delivery","Gurgaon","Ambala  HQ","Haryana","NA","Gurgaon","HARYANA","NCR"
"Mohamadpur Ahir B.O","122105","B.O","Delivery","Gurgaon","Ambala  HQ","Haryana","NA","Gurgaon","HARYANA","NCR"
"Mohanpur B.O","123401","B.O","Delivery","Gurgaon","Ambala  HQ","Haryana","Mohanpur","Rewari","HARYANA","NCR"
"Nai B.O","122508","B.O","Delivery","Gurgaon","Ambala  HQ","Haryana","NA","Gurgaon","HARYANA","NCR"
"Nangal Jamalpur B.O","123102","B.O","Delivery","Gurgaon","Ambala  HQ","Haryana","Nangal Jamalpur","Rewari","HARYANA","NCR"
"Palri Panihara B.O","123029","B.O","Delivery","Gurgaon","Ambala  HQ","Haryana","Palri Panihara","Mahendragarh","HARYANA","NCR"
"Pathreri B.O","122413","B.O","Delivery","Gurgaon","Ambala  HQ","Haryana","NA","Gurgaon","HARYANA","NCR"
"Rathiwas B.O","122105","B.O","Delivery","Gurgaon","Ambala  HQ","Haryana","NA","Gurgaon","HARYANA","NCR"
"Rattanthal B.O","123301","B.O","Delivery","Gurgaon","Ambala  HQ","Haryana","Rattanthal","Rewari","HARYANA","NCR"
"Rethath B.O","122508","B.O","Delivery","Gurgaon","Ambala  HQ","Haryana","NA","Gurgaon","HARYANA","NCR"
"Rewari S.O","123401","S.O","Delivery","Gurgaon","Ambala  HQ","Haryana","Rewari","Rewari","HARYANA","NCR"
"Asiaki Gorawas B.O","123035","B.O","Delivery","Gurgaon","Ambala  HQ","Haryana","Rewari","Rewari","HARYANA","NCR"
"B B Ashram B.O","123401","B.O","Delivery","Gurgaon","Ambala  HQ","Haryana","B B Ashram","Rewari","HARYANA","NCR"
"Badshahpur S.O","122101","S.O","Delivery","Gurgaon","Ambala  HQ","Haryana","Badshahpur","Gurgaon","HARYANA","NCR"
"Bithwana B.O","123401","B.O","Delivery","Gurgaon","Ambala  HQ","Haryana","Bithwana","Rewari","HARYANA","NCR"
"Budhpur B.O","123401","B.O","Delivery","Gurgaon","Ambala  HQ","Haryana","Budhpur","Rewari","HARYANA","NCR"
"Budhwal B.O","123023","B.O","Delivery","Gurgaon","Ambala  HQ","Haryana","Budhwa","Mahendragarh","HARYANA","NCR"
"Chakkarpur B.O","122002","B.O","Delivery","Gurgaon","Ambala  HQ","Haryana","NA","Gurgaon","HARYANA","NCR"
"Dholera B.O","123023","B.O","Delivery","Gurgaon","Ambala  HQ","Haryana","Dholera","Mahendragarh","HARYANA","NCR"
"Farrukh Nagar S.O","122506","S.O","Delivery","Gurgaon","Ambala  HQ","Haryana","Farrukh Nagar","Gurgaon","HARYANA","NCR"
"Ganiar B.O","123021","B.O","Delivery","Gurgaon","Ambala  HQ","Haryana","Ganiar","Mahendragarh","HARYANA","NCR"
"IMT Manesar S.O","122052","S.O","Delivery","Gurgaon","Ambala  HQ","Haryana","Manesar","Gurgaon","HARYANA","NCR"
"Jaitpur B.O","122502","B.O","Delivery","Gurgaon","Ambala  HQ","Haryana","NA","Gurgaon","HARYANA","NCR"
"Kasan B.O","122051","B.O","Delivery","Gurgaon","Ambala  HQ","Haryana","NA","Gurgaon","HARYANA","NCR"
"Krishan Nagar B.O","123001","B.O","Delivery","Gurgaon","Ambala  HQ","Haryana","Krishan Nagar","Mahendragarh","HARYANA","NCR"
"Maheshwari B.O","123106","B.O","Delivery","Gurgaon","Ambala  HQ","Haryana","Maheshwari","Rewari","HARYANA","NCR"
"Manesar B.O","122051","B.O","Delivery","Gurgaon","Ambala  HQ","Haryana","NA","Gurgaon","HARYANA","NCR"
"Maruthi Kunj B.O","122102","B.O","Delivery","Gurgaon","Ambala  HQ","Haryana","NA","Gurgaon","HARYANA","NCR"
"Nagina S.O (Gurgaon)","122108","S.O","Delivery","Gurgaon","Ambala  HQ","Haryana","Nagina","Gurgaon","HARYANA","NCR"
"Naichana B.O","123501","B.O","Delivery","Gurgaon","Ambala  HQ","Haryana","Naichana","Rewari","HARYANA","NCR"
"Nathupur B.O","122002","B.O","Delivery","Gurgaon","Ambala  HQ","Haryana","NA","Gurgaon","HARYANA","NCR"
"Palam Road S.O","122015","S.O","Delivery","Gurgaon","Ambala  HQ","Haryana","Palam Road","Gurgaon","HARYANA","NCR"
"Palam Vihar S.O (Gurgaon)","122017","S.O","Delivery","Gurgaon","Ambala  HQ","Haryana","Palam Vihar","Gurgaon","HARYANA","NCR"
"Palhawas S.O","123035","S.O","Delivery","Gurgaon","Ambala  HQ","Haryana","Palhawas","Rewari","HARYANA","NCR"
"Rithoj B.O","122102","B.O","Delivery","Gurgaon","Ambala  HQ","Haryana","NA","Gurgaon","HARYANA","NCR"
"Rojka Meo B.O","122103","B.O","Delivery","Gurgaon","Ambala  HQ","Haryana","NA","Gurgaon","HARYANA","NCR"
"Saharanwas B.O","123401","B.O","Delivery","Gurgaon","Ambala  HQ","Haryana","Saharanwas","Rewari","HARYANA","NCR"
"Sangwari B.O","123401","B.O","Delivery","Gurgaon","Ambala  HQ","Haryana","Sangwari","Rewari","HARYANA","NCR"
"Sehma B.O","123028","B.O","Delivery","Gurgaon","Ambala  HQ","Haryana","Sehma","Mahendragarh","HARYANA","NCR"
"Sihri Singhalheri B.O","122508","B.O","Delivery","Gurgaon","Ambala  HQ","Haryana","NA","Gurgaon","HARYANA","NCR"
"Sundh B.O","122105","B.O","Delivery","Gurgaon","Ambala  HQ","Haryana","NA","Gurgaon","HARYANA","NCR"
"Suthana B.O","123501","B.O","Delivery","Gurgaon","Ambala  HQ","Haryana","Suthana","Rewari","HARYANA","NCR"
"Akbarpur B.O","123023","B.O","Delivery","Gurgaon","Ambala  HQ","Haryana","Akberpur","Mahendragarh","HARYANA","NCR"
"Akhera B.O","122107","B.O","Delivery","Gurgaon","Ambala  HQ","Haryana","NA","Gurgaon","HARYANA","NCR"
"Asalwas B.O","123501","B.O","Delivery","Gurgaon","Ambala  HQ","Haryana","Bawal","Mahendragarh","HARYANA","NCR"
"Bagahod B.O","123021","B.O","Delivery","Gurgaon","Ambala  HQ","Haryana","Narnaul","Mahendragarh","HARYANA","NCR"
"Bewan B.O","122104","B.O","Delivery","Gurgaon","Ambala  HQ","Haryana","NA","Gurgaon","HARYANA","NCR"
"Bhorakalan S.O","122413","S.O","Delivery","Gurgaon","Ambala  HQ","Haryana","Bhorakalan","Gurgaon","HARYANA","NCR"
"Dahina S.O","123411","S.O","Delivery","Gurgaon","Ambala  HQ","Haryana","Dahina","Mahendragarh","HARYANA","NCR"
"Dhanaunda B.O","123027","B.O","Delivery","Gurgaon","Ambala  HQ","Haryana","Dhanaunda","Mahendragarh","HARYANA","NCR"
"Dharuhera S.O","123106","S.O","Delivery","Gurgaon","Ambala  HQ","Haryana","Dharuhera","Rewari","HARYANA","NCR"
"Dulana B.O","123029","B.O","Delivery","Gurgaon","Ambala  HQ","Haryana","Dulana","Mahendragarh","HARYANA","NCR"
"Dulawat B.O","122105","B.O","Delivery","Gurgaon","Ambala  HQ","Haryana","NA","Gurgaon","HARYANA","NCR"
"Fazilpur B.O","122101","B.O","Delivery","Gurgaon","Ambala  HQ","Haryana","NA","Gurgaon","HARYANA","NCR"
"Galleria DLF-IV S.O","122009","S.O","Delivery","Gurgaon","Ambala  HQ","Haryana","Galleria Dlf-iv","Gurgaon","HARYANA","NCR"
"Garhi Harsaru S.O","122505","S.O","Delivery","Gurgaon","Ambala  HQ","Haryana","Garhi Harsaru","Gurgaon","HARYANA","NCR"
"Guriani S.O","123301","S.O","Delivery","Gurgaon","Ambala  HQ","Haryana","Guriani","Rewari","HARYANA","NCR"
"Jagat B.O","122502","B.O","Delivery","Gurgaon","Ambala  HQ","Haryana","NA","Gurgaon","HARYANA","NCR"
"Jamalpur B.O","122503","B.O","Delivery","Gurgaon","Ambala  HQ","Haryana","NA","Gurgaon","HARYANA","NCR"
"Jarwa B.O","123024","B.O","Delivery","Gurgaon","Ambala  HQ","Haryana","Jarwa","Mahendragarh","HARYANA","NCR"
"Kamania B.O","123001","B.O","Delivery","Gurgaon","Ambala  HQ","Haryana","Kamania","Mahendragarh","HARYANA","NCR"
"Kanina S.O","123027","S.O","Delivery","Gurgaon","Ambala  HQ","Haryana","Kanina","Mahendragarh","HARYANA","NCR"
"Khandsa B.O","122004","B.O","Delivery","Gurgaon","Ambala  HQ","Haryana","NA","Gurgaon","HARYANA","NCR"
"Kheri B.O","123027","B.O","Delivery","Gurgaon","Ambala  HQ","Haryana","Kheri","Mahendragarh","HARYANA","NCR"
"Kolana B.O","123102","B.O","Delivery","Gurgaon","Ambala  HQ","Haryana","Kolana","Rewari","HARYANA","NCR"
"Kund S.O","123102","S.O","Delivery","Gurgaon","Ambala  HQ","Haryana","Kund","Rewari","HARYANA","NCR"
"Lakhnaula B.O","122004","B.O","Delivery","Gurgaon","Ambala  HQ","Haryana","NA","Gurgaon","HARYANA","NCR"
"Lilodh B.O","123303","B.O","Delivery","Gurgaon","Ambala  HQ","Haryana","Lilodh","Mahendragarh","HARYANA","NCR"
"Madhana Kalan B.O","123001","B.O","Delivery","Gurgaon","Ambala  HQ","Haryana","Madhana Kalan","Mahendragarh","HARYANA","NCR"
"Majra Sheoraj B.O","123401","B.O","Delivery","Gurgaon","Ambala  HQ","Haryana","Majra Sheoraj  majra Sheoraj","Rewari","HARYANA","NCR"
"Musepur B.O","123401","B.O","Delivery","Gurgaon","Ambala  HQ","Haryana","Musepur","Rewari","HARYANA","NCR"
"Nangal Katha B.O","123001","B.O","Delivery","Gurgaon","Ambala  HQ","Haryana","Nagal Katha","Mahendragarh","HARYANA","NCR"
"Nangal Shahbazpur B.O","123501","B.O","Delivery","Gurgaon","Ambala  HQ","Haryana","Bawal","Mahendragarh","HARYANA","NCR"
"Nawan B.O","123024","B.O","Delivery","Gurgaon","Ambala  HQ","Haryana","Nawan","Mahendragarh","HARYANA","NCR"
"Pataudi S.O","122503","S.O","Delivery","Gurgaon","Ambala  HQ","Haryana","Pataudi","Gurgaon","HARYANA","NCR"
"Patherwa B.O","123024","B.O","Delivery","Gurgaon","Ambala  HQ","Haryana","Patherwa","Mahendragarh","HARYANA","NCR"
"Punsika B.O","123101","B.O","Delivery","Gurgaon","Ambala  HQ","Haryana","Punsika","Rewari","HARYANA","NCR"
"Rambas B.O","123027","B.O","Delivery","Gurgaon","Ambala  HQ","Haryana","Rambas","Mahendragarh","HARYANA","NCR"
"Ramgarh B.O","122502","B.O","Delivery","Gurgaon","Ambala  HQ","Haryana","NA","Gurgaon","HARYANA","NCR"
"Rasoolpur B.O","123027","B.O","Delivery","Gurgaon","Ambala  HQ","Haryana","Rasoolpur","Mahendragarh","HARYANA","NCR"
"Rewasan B.O","122103","B.O","Delivery","Gurgaon","Ambala  HQ","Haryana","NA","Gurgaon","HARYANA","NCR"
"Sarai Bahadur B.O","123021","B.O","Delivery","Gurgaon","Ambala  HQ","Haryana","Narnaul","Mahendragarh","HARYANA","NCR"
"Sarhaul B.O","122015","B.O","Delivery","Gurgaon","Ambala  HQ","Haryana","NA","Gurgaon","HARYANA","NCR"
"Sihore B.O","123027","B.O","Delivery","Gurgaon","Ambala  HQ","Haryana","Sihore","Mahendragarh","HARYANA","NCR"
"Tapkan B.O","122107","B.O","Delivery","Gurgaon","Ambala  HQ","Haryana","NA","Gurgaon","HARYANA","NCR"
"Tatarpur B.O","122502","B.O","Delivery","Gurgaon","Ambala  HQ","Haryana","NA","Gurgaon","HARYANA","NCR"
"Agon B.O","122104","B.O","Delivery","Gurgaon","Ambala  HQ","Haryana","NA","Gurgaon","HARYANA","NCR"
"Basai B.O","122006","B.O","Delivery","Gurgaon","Ambala  HQ","Haryana","NA","Gurgaon","HARYANA","NCR"
"Bawal S.O","123501","S.O","Delivery","Gurgaon","Ambala  HQ","Haryana","Bawal","Mahendragarh","HARYANA","NCR"
"Bawwa B.O","123303","B.O","Delivery","Gurgaon","Ambala  HQ","Haryana","Bawwa","Mahendragarh","HARYANA","NCR"
"Bhakli B.O","123302","B.O","Delivery","Gurgaon","Ambala  HQ","Haryana","Bhakli","Rewari","HARYANA","NCR"
"Bhatsana B.O","123106","B.O","Delivery","Gurgaon","Ambala  HQ","Haryana","Bhatsana","Rewari","HARYANA","NCR"
"Bhocharia B.O","123021","B.O","Delivery","Gurgaon","Ambala  HQ","Haryana","Narnaul","Mahendragarh","HARYANA","NCR"
"Bocharia B.O","123021","B.O","Delivery","Gurgaon","Ambala  HQ","Haryana","Mandi Ateli","Rewari","HARYANA","NCR"
"Budarpur B.O","122108","B.O","Delivery","Gurgaon","Ambala  HQ","Haryana","NA","Gurgaon","HARYANA","NCR"
"Buroli B.O","123411","B.O","Delivery","Gurgaon","Ambala  HQ","Haryana","Buroli","Rewari","HARYANA","NCR"
"Chapera B.O","122103","B.O","Delivery","Gurgaon","Ambala  HQ","Haryana","NA","Gurgaon","HARYANA","NCR"
"Chillro B.O","123001","B.O","Delivery","Gurgaon","Ambala  HQ","Haryana","Chillro","Mahendragarh","HARYANA","NCR"
"Chitrauli B.O","123027","B.O","Delivery","Gurgaon","Ambala  HQ","Haryana","Chitrauli","Mahendragarh","HARYANA","NCR"
"Daroli B.O","123411","B.O","Delivery","Gurgaon","Ambala  HQ","Haryana","Daroli","Rewari","HARYANA","NCR"
"Dhana B.O","123034","B.O","Delivery","Gurgaon","Ambala  HQ","Haryana","Dhana","Rewari","HARYANA","NCR"
"Dharan S.O","123412","S.O","Delivery","Gurgaon","Ambala  HQ","Haryana","Dharan","Mahendragarh","HARYANA","NCR"
"Dulat Jat B.O","123021","B.O","Delivery","Gurgaon","Ambala  HQ","Haryana","Dulat Jat","Mahendragarh","HARYANA","NCR"
"Dunderwas B.O","123106","B.O","Delivery","Gurgaon","Ambala  HQ","Haryana","Dunderwas","Rewari","HARYANA","NCR"
"Golwa B.O","123023","B.O","Delivery","Gurgaon","Ambala  HQ","Haryana","Golwa","Mahendragarh","HARYANA","NCR"
"Gurgaon South City II S.O","122018","S.O","Delivery","Gurgaon","Ambala  HQ","Haryana","NA","Gurgaon","HARYANA","NCR"
"Hasanpur B.O","122105","B.O","Delivery","Gurgaon","Ambala  HQ","Haryana","NA","Gurgaon","HARYANA","NCR"
"Industrial Estate S.O (Gurgaon)","122007","S.O","Delivery","Gurgaon","Ambala  HQ","Haryana","Industrial Estate","Gurgaon","HARYANA","NCR"
"Jhabuwa B.O","123501","B.O","Delivery","Gurgaon","Ambala  HQ","Haryana","Jhabuwa","Rewari","HARYANA","NCR"
"Karawara B.O","123035","B.O","Delivery","Gurgaon","Ambala  HQ","Haryana","Karawara","Rewari","HARYANA","NCR"
"Koriawas B.O","123001","B.O","Delivery","Gurgaon","Ambala  HQ","Haryana","Koriawas","Mahendragarh","HARYANA","NCR"
"Kotia B.O","123027","B.O","Delivery","Gurgaon","Ambala  HQ","Haryana","Kotia","Mahendragarh","HARYANA","NCR"
"Mandikhera B.O","122108","B.O","Delivery","Gurgaon","Ambala  HQ","Haryana","NA","Gurgaon","HARYANA","NCR"
"Masani B.O","123106","B.O","Delivery","Gurgaon","Ambala  HQ","Haryana","Masani","Rewari","HARYANA","NCR"
"Mastapur B.O","123401","B.O","Delivery","Gurgaon","Ambala  HQ","Haryana","Mastapur","Rewari","HARYANA","NCR"
"Moolthan B.O","122108","B.O","Delivery","Gurgaon","Ambala  HQ","Haryana","NA","Gurgaon","HARYANA","NCR"
"Nand Rampurbass B.O","123106","B.O","Delivery","Gurgaon","Ambala  HQ","Haryana","Nand Rampurbas","Rewari","HARYANA","NCR"
"Nangal Sirohi S.O","123028","S.O","Delivery","Gurgaon","Ambala  HQ","Haryana","Nangal Sirohi","Mahendragarh","HARYANA","NCR"
"Narhera B.O","122503","B.O","Delivery","Gurgaon","Ambala  HQ","Haryana","NA","Gurgaon","HARYANA","NCR"
"Pachgaon B.O","122413","B.O","Delivery","Gurgaon","Ambala  HQ","Haryana","NA","Gurgaon","HARYANA","NCR"
"Patil R.S. B.O","122506","B.O","Delivery","Gurgaon","Ambala  HQ","Haryana","NA","Gurgaon","HARYANA","NCR"
"Rampuri B.O","123411","B.O","Delivery","Gurgaon","Ambala  HQ","Haryana","Rampuri","Rewari","HARYANA","NCR"
"Sakras B.O","122108","B.O","Delivery","Gurgaon","Ambala  HQ","Haryana","NA","Gurgaon","HARYANA","NCR"
"Sareli B.O","123023","B.O","Delivery","Gurgaon","Ambala  HQ","Haryana","Sareli","Mahendragarh","HARYANA","NCR"
"Sidhrawali B.O","122413","B.O","Delivery","Gurgaon","Ambala  HQ","Haryana","NA","Gurgaon","HARYANA","NCR"
"Singar B.O","122508","B.O","Delivery","Gurgaon","Ambala  HQ","Haryana","NA","Gurgaon","HARYANA","NCR"
"Tankri B.O","123412","B.O","Delivery","Gurgaon","Ambala  HQ","Haryana","Tankri","Rewari","HARYANA","NCR"
"Thanwas B.O","123023","B.O","Delivery","Gurgaon","Ambala  HQ","Haryana","Thanwas","Mahendragarh","HARYANA","NCR"
"Ujina B.O","122107","B.O","Delivery","Gurgaon","Ambala  HQ","Haryana","NA","Gurgaon","HARYANA","NCR"
"Azamabad Mukhota B.O","123001","B.O","Delivery","Gurgaon","Ambala  HQ","Haryana","Azamabad Mukhota","Mahendragarh","HARYANA","NCR"
"Bachhod B.O","123023","B.O","Delivery","Gurgaon","Ambala  HQ","Haryana","Narnaul","Mahendragarh","HARYANA","NCR"
"Badli B.O","122508","B.O","Delivery","Gurgaon","Ambala  HQ","Haryana","NA","Gurgaon","HARYANA","NCR"
"Bashirpur B.O","123001","B.O","Delivery","Gurgaon","Ambala  HQ","Haryana","Bashirpur","Mahendragarh","HARYANA","NCR"
"Baspadamka B.O","122503","B.O","Delivery","Gurgaon","Ambala  HQ","Haryana","NA","Gurgaon","HARYANA","NCR"
"Bewal B.O","123021","B.O","Delivery","Gurgaon","Ambala  HQ","Haryana","Bewal","Mahendragarh","HARYANA","NCR"
"Bhangrola B.O","122505","B.O","Delivery","Gurgaon","Ambala  HQ","Haryana","NA","Gurgaon","HARYANA","NCR"
"Bhungerka B.O","123023","B.O","Delivery","Gurgaon","Ambala  HQ","Haryana","Bhaungerka","Mahendragarh","HARYANA","NCR"
"Carterpuri B.O","122017","B.O","Delivery","Gurgaon","Ambala  HQ","Haryana","NA","Gurgaon","HARYANA","NCR"
"Dalanwas B.O","123024","B.O","Delivery","Gurgaon","Ambala  HQ","Haryana","Dalanwas","Mahendragarh","HARYANA","NCR"
"Damdama B.O","122102","B.O","Delivery","Gurgaon","Ambala  HQ","Haryana","NA","Gurgaon","HARYANA","NCR"
"Dehlawas Gulabpur B.O","123401","B.O","Delivery","Gurgaon","Ambala  HQ","Haryana","Dehlawas Gulabpur","Rewari","HARYANA","NCR"
"Gurgaon Village B.O","122006","B.O","Delivery","Gurgaon","Ambala  HQ","Haryana","NA","Gurgaon","HARYANA","NCR"
"Hamidpur B.O","123001","B.O","Delivery","Gurgaon","Ambala  HQ","Haryana","Hamidpur","Mahendragarh","HARYANA","NCR"
"Janaula B.O","122503","B.O","Delivery","Gurgaon","Ambala  HQ","Haryana","NA","Gurgaon","HARYANA","NCR"
"Jant B.O","122502","B.O","Delivery","Gurgaon","Ambala  HQ","Haryana","NA","Gurgaon","HARYANA","NCR"
"Jatusa R.S. B.O","123401","B.O","Delivery","Gurgaon","Ambala  HQ","Haryana","Jatusana Rs","Rewari","HARYANA","NCR"
"Jhamuwas B.O","122105","B.O","Delivery","Gurgaon","Ambala  HQ","Haryana","Tauru","Gurgaon","HARYANA","NCR"
"Kanwi B.O","123001","B.O","Delivery","Gurgaon","Ambala  HQ","Haryana","Kanwi","Mahendragarh","HARYANA","NCR"
"Khalilpur S.O","122502","S.O","Delivery","Gurgaon","Ambala  HQ","Haryana","Khalilpur","Gurgaon","HARYANA","NCR"
"Khera Khurampur B.O","122506","B.O","Delivery","Gurgaon","Ambala  HQ","Haryana","NA","Gurgaon","HARYANA","NCR"
"Kurawata B.O","123029","B.O","Delivery","Gurgaon","Ambala  HQ","Haryana","Kurawata","Mahendragarh","HARYANA","NCR"
"Kurthala B.O","122107","B.O","Delivery","Gurgaon","Ambala  HQ","Haryana","NA","Gurgaon","HARYANA","NCR"
"Lookhi B.O","123303","B.O","Delivery","Gurgaon","Ambala  HQ","Haryana","Lookhi","Mahendragarh","HARYANA","NCR"
"Mandi B.O","123001","B.O","Delivery","Gurgaon","Ambala  HQ","Haryana","Mandi","Mahendragarh","HARYANA","NCR"
"Mirpur B.O","122502","B.O","Delivery","Gurgaon","Ambala  HQ","Haryana","NA","Gurgaon","HARYANA","NCR"
"Nangal B.O","123501","B.O","Delivery","Gurgaon","Ambala  HQ","Haryana","Nangal","Rewari","HARYANA","NCR"
"Niamatpur B.O","123023","B.O","Delivery","Gurgaon","Ambala  HQ","Haryana","Niamatpur","Mahendragarh","HARYANA","NCR"
"Nimoth B.O","123411","B.O","Delivery","Gurgaon","Ambala  HQ","Haryana","Nimoth","Rewari","HARYANA","NCR"
"Pingwan B.O","122508","B.O","Delivery","Gurgaon","Ambala  HQ","Haryana","NA","Gurgaon","HARYANA","NCR"
"Punhana S.O","122508","S.O","Delivery","Gurgaon","Ambala  HQ","Haryana","Punhana","Gurgaon","HARYANA","NCR"
"Raliawas B.O","123106","B.O","Delivery","Gurgaon","Ambala  HQ","Haryana","Raliawas","Rewari","HARYANA","NCR"
"Sewari B.O","122506","B.O","Delivery","Gurgaon","Ambala  HQ","Haryana","NA","Gurgaon","HARYANA","NCR"
"Shahchokha B.O","122508","B.O","Delivery","Gurgaon","Ambala  HQ","Haryana","NA","Gurgaon","HARYANA","NCR"
"Sherpur B.O","122502","B.O","Delivery","Gurgaon","Ambala  HQ","Haryana","NA","Gurgaon","HARYANA","NCR"
"Sikanderpur B.O","122004","B.O","Delivery","Gurgaon","Ambala  HQ","Haryana","NA","Gurgaon","HARYANA","NCR"
"Sudaka B.O","122107","B.O","Delivery","Gurgaon","Ambala  HQ","Haryana","NA","Gurgaon","HARYANA","NCR"
"Syed Shahpur B.O","122414","B.O","Delivery","Gurgaon","Ambala  HQ","Haryana","NA","Gurgaon","HARYANA","NCR"
"Unchamajra B.O","122503","B.O","Delivery","Gurgaon","Ambala  HQ","Haryana","NA","Gurgaon","HARYANA","NCR"
"Wazipur B.O","122505","B.O","Delivery","Gurgaon","Ambala  HQ","Haryana","NA","Gurgaon","HARYANA","NCR"
"Wazirabad B.O","122003","B.O","Delivery","Gurgaon","Ambala  HQ","Haryana","NA","Gurgaon","HARYANA","NCR"
"Air Force S.O","122005","S.O","Delivery","Gurgaon","Ambala  HQ","Haryana","Air Force","Gurgaon","HARYANA","NCR"
"Badhrana B.O","123412","B.O","Delivery","Gurgaon","Ambala  HQ","Haryana","Rewari","Rewari","HARYANA","NCR"
"Bairawas B.O","123028","B.O","Delivery","Gurgaon","Ambala  HQ","Haryana","Bairawas","Mahendragarh","HARYANA","NCR"
"Bhadas B.O","122108","B.O","Delivery","Gurgaon","Ambala  HQ","Haryana","NA","Gurgaon","HARYANA","NCR"
"Bhojawas B.O","123034","B.O","Delivery","Gurgaon","Ambala  HQ","Haryana","Bhojawas","Rewari","HARYANA","NCR"
"Bilaspur Khurd B.O","122413","B.O","Delivery","Gurgaon","Ambala  HQ","Haryana","NA","Gurgaon","HARYANA","NCR"
"Boria Kamalpur B.O","123401","B.O","Delivery","Gurgaon","Ambala  HQ","Haryana","Boria Kamalpur","Rewari","HARYANA","NCR"
"Buddin B.O","123029","B.O","Delivery","Gurgaon","Ambala  HQ","Haryana","Buddin","Mahendragarh","HARYANA","NCR"
"Budhera B.O","122505","B.O","Delivery","Gurgaon","Ambala  HQ","Haryana","NA","Gurgaon","HARYANA","NCR"
"Burthala B.O","123302","B.O","Delivery","Gurgaon","Ambala  HQ","Haryana","Bhrthala","Rewari","HARYANA","NCR"
"Dhanota B.O","123001","B.O","Delivery","Gurgaon","Ambala  HQ","Haryana","Dhanota","Mahendragarh","HARYANA","NCR"
"Dongra Ahir B.O","123021","B.O","Delivery","Gurgaon","Ambala  HQ","Haryana","Dongra Ahir","Mahendragarh","HARYANA","NCR"
"Dundahera B.O","122016","B.O","Delivery","Gurgaon","Ambala  HQ","Haryana","NA","Gurgaon","HARYANA","NCR"
"Garhi B.O","123021","B.O","Delivery","Gurgaon","Ambala  HQ","Haryana","Garhi","Mahendragarh","HARYANA","NCR"
"Ghasera B.O","122103","B.O","Delivery","Gurgaon","Ambala  HQ","Haryana","NA","Gurgaon","HARYANA","NCR"
"Gurha B.O","123027","B.O","Delivery","Gurgaon","Ambala  HQ","Haryana","Gurha","Mahendragarh","HARYANA","NCR"
"Gwal Pahari B.O","122003","B.O","Delivery","Gurgaon","Ambala  HQ","Haryana","NA","Gurgaon","HARYANA","NCR"
"Inchhapuri B.O","122414","B.O","Delivery","Gurgaon","Ambala  HQ","Haryana","NA","Gurgaon","HARYANA","NCR"
"Industrial Area Dharuhera S.O","123110","S.O","Delivery","Gurgaon","Ambala  HQ","Haryana","Dharuhera","Rewari","HARYANA","NCR"
"Jamalgarh B.O","122508","B.O","Delivery","Gurgaon","Ambala  HQ","Haryana","NA","Gurgaon","HARYANA","NCR"
"Kadipur B.O","122101","B.O","Delivery","Gurgaon","Ambala  HQ","Haryana","NA","Gurgaon","HARYANA","NCR"
"Kalwari B.O","122105","B.O","Delivery","Gurgaon","Ambala  HQ","Haryana","NA","Gurgaon","HARYANA","NCR"
"Kanti B.O","123021","B.O","Delivery","Gurgaon","Ambala  HQ","Haryana","Kanti","Mahendragarh","HARYANA","NCR"
"Kherki Daula B.O","122004","B.O","Delivery","Gurgaon","Ambala  HQ","Haryana","NA","Gurgaon","HARYANA","NCR"
"Khol S.O","123103","S.O","Delivery","Gurgaon","Ambala  HQ","Haryana","Khol","Rewari","HARYANA","NCR"
"Khori S.O","123101","S.O","Delivery","Gurgaon","Ambala  HQ","Haryana","Khori","Rewari","HARYANA","NCR"
"Mamaria Ahir B.O","123101","B.O","Delivery","Gurgaon","Ambala  HQ","Haryana","Mamaria Ahir","Rewari","HARYANA","NCR"
"Mandi Ateli S.O","123021","S.O","Delivery","Gurgaon","Ambala  HQ","Haryana","Mandi Ateli","Rewari","HARYANA","NCR"
"Mandola B.O","123029","B.O","Delivery","Gurgaon","Ambala  HQ","Haryana","Mandola","Mahendragarh","HARYANA","NCR"
"Mehchana B.O","122504","B.O","Delivery","Gurgaon","Ambala  HQ","Haryana","NA","Gurgaon","HARYANA","NCR"
"Moklawas B.O","122413","B.O","Delivery","Gurgaon","Ambala  HQ","Haryana","NA","Gurgaon","HARYANA","NCR"
"Motla Kalan B.O","123411","B.O","Delivery","Gurgaon","Ambala  HQ","Haryana","Motla Kalan","Rewari","HARYANA","NCR"
"Nahar S.O","123303","S.O","Delivery","Gurgaon","Ambala  HQ","Haryana","Nahar","Rewari","HARYANA","NCR"
"Nangal Dargu B.O","123023","B.O","Delivery","Gurgaon","Ambala  HQ","Haryana","Nangal Dargu","Mahendragarh","HARYANA","NCR"
"Nangal Teju B.O","123501","B.O","Delivery","Gurgaon","Ambala  HQ","Haryana","Nangal Teju","Rewari","HARYANA","NCR"
"Narnaul H.O","123001","H.O","Delivery","Gurgaon","Ambala  HQ","Haryana","Civil Line","Mahendragarh","HARYANA","NCR"
"Nihalawas B.O","123028","B.O","Delivery","Gurgaon","Ambala  HQ","Haryana","Nihalawas","Mahendragarh","HARYANA","NCR"
"Noorgarh B.O","122504","B.O","Delivery","Gurgaon","Ambala  HQ","Haryana","NA","Gurgaon","HARYANA","NCR"
"Pathera B.O","123034","B.O","Delivery","Gurgaon","Ambala  HQ","Haryana","Pathera","Rewari","HARYANA","NCR"
"Rohrai B.O","123401","B.O","Delivery","Gurgaon","Ambala  HQ","Haryana","Rohrai","Rewari","HARYANA","NCR"
"Satnali S.O","123024","S.O","Delivery","Gurgaon","Ambala  HQ","Haryana","Satnali","Mahendragarh","HARYANA","NCR"
"Sirohi Behali B.O","123023","B.O","Delivery","Gurgaon","Ambala  HQ","Haryana","Sirohi Behali","Mahendragarh","HARYANA","NCR"
"Sultanpur B.O","122506","B.O","Delivery","Gurgaon","Ambala  HQ","Haryana","NA","Gurgaon","HARYANA","NCR"
"Sureti Kalan B.O","123024","B.O","Delivery","Gurgaon","Ambala  HQ","Haryana","Sureti Kalan","Mahendragarh","HARYANA","NCR"
"Turkiawas B.O","122502","B.O","Delivery","Gurgaon","Ambala  HQ","Haryana","NA","Gurgaon","HARYANA","NCR"
"Umra B.O","122108","B.O","Delivery","Gurgaon","Ambala  HQ","Haryana","NA","Gurgaon","HARYANA","NCR"
"Amarpur B.O","121004","B.O","Delivery","Faridabad","Ambala  HQ","Haryana","Ballabgarh","Faridabad","HARYANA","NCR"
"Andhop B.O","121106","B.O","Delivery","Faridabad","Ambala  HQ","Haryana","Hodal","Faridabad","HARYANA","NCR"
"Badarpur Syed B.O","121101","B.O","Delivery","Faridabad","Ambala  HQ","Haryana","Ballabgarh","Faridabad","HARYANA","NCR"
"Banswa B.O","121107","B.O","Delivery","Faridabad","Ambala  HQ","Haryana","Hodal","Faridabad","HARYANA","NCR"
"Bhuvapur B.O","121101","B.O","Delivery","Faridabad","Ambala  HQ","Haryana","Ballabgarh","Faridabad","HARYANA","NCR"
"Faridabad NIT H.O","121001","H.O","Delivery","Faridabad","Ambala  HQ","Haryana","Faridabad","Faridabad","HARYANA","NCR"
"Faridabad Sector 29 S.O","121008","S.O","Delivery","Faridabad","Ambala  HQ","Haryana","Faridabad","Faridabad","HARYANA","NCR"
"Fatehpur Tagga B.O","121004","B.O","Delivery","Faridabad","Ambala  HQ","Haryana","Ballabgarh","Faridabad","HARYANA","NCR"
"Gadpuri B.O","121004","B.O","Delivery","Faridabad","Ambala  HQ","Haryana","Ballabgarh","Faridabad","HARYANA","NCR"
"Gehlab B.O","121103","B.O","Delivery","Faridabad","Ambala  HQ","Haryana","Hathin","Faridabad","HARYANA","NCR"
"Janauli B.O","121102","B.O","Delivery","Faridabad","Ambala  HQ","Haryana","Palwal","Faridabad","HARYANA","NCR"
"Khambi B.O","121106","B.O","Delivery","Faridabad","Ambala  HQ","Haryana","Hodal","Faridabad","HARYANA","NCR"
"Madnaka B.O","121103","B.O","Delivery","Faridabad","Ambala  HQ","Haryana","Hathin","Faridabad","HARYANA","NCR"
"Mandkola B.O","121103","B.O","Delivery","Faridabad","Ambala  HQ","Haryana","Hathin","Faridabad","HARYANA","NCR"
"Nhpc Colony Faridabad S.O","121010","S.O","Delivery","Faridabad","Ambala  HQ","Haryana","Faridabad","Faridabad","HARYANA","NCR"
"Palwal S.O","121102","S.O","Delivery","Faridabad","Ambala  HQ","Haryana","Palwal","Faridabad","HARYANA","NCR"
"Rasulpur B.O","121102","B.O","Delivery","Faridabad","Ambala  HQ","Haryana","Palwal","Faridabad","HARYANA","NCR"
"Sector-21D  S.O","121012","S.O","Delivery","Faridabad","Ambala  HQ","Haryana","Faridabad","Faridabad","HARYANA","NCR"
"Siaroli B.O","121102","B.O","Delivery","Faridabad","Ambala  HQ","Haryana","Palwal","Faridabad","HARYANA","NCR"
"Sondh B.O","121106","B.O","Delivery","Faridabad","Ambala  HQ","Haryana","Hodal","Faridabad","HARYANA","NCR"
"Uttawar B.O","121103","B.O","Delivery","Faridabad","Ambala  HQ","Haryana","Hathin","Faridabad","HARYANA","NCR"
"Alawalpur B.O","121102","B.O","Delivery","Faridabad","Ambala  HQ","Haryana","Palwal","Faridabad","HARYANA","NCR"
"Baghola B.O","121102","B.O","Delivery","Faridabad","Ambala  HQ","Haryana","Palwal","Faridabad","HARYANA","NCR"
"Bhandoli B.O","121107","B.O","Delivery","Faridabad","Ambala  HQ","Haryana","Hodal","Faridabad","HARYANA","NCR"
"Bhaskola B.O","121002","B.O","Delivery","Faridabad","Ambala  HQ","Haryana","Faridabad","Faridabad","HARYANA","NCR"
"Bhiduki B.O","121107","B.O","Delivery","Faridabad","Ambala  HQ","Haryana","Hodal","Faridabad","HARYANA","NCR"
"Chhajju Nagar B.O","121102","B.O","Delivery","Faridabad","Ambala  HQ","Haryana","Palwal","Faridabad","HARYANA","NCR"
"Jawan B.O","121004","B.O","Delivery","Faridabad","Ambala  HQ","Haryana","Ballabgarh","Faridabad","HARYANA","NCR"
"Khatela Sarai B.O","121105","B.O","Delivery","Faridabad","Ambala  HQ","Haryana","Palwal","Faridabad","HARYANA","NCR"
"Manpur B.O","121105","B.O","Delivery","Faridabad","Ambala  HQ","Haryana","Hodal","Faridabad","HARYANA","NCR"
"Marraoli B.O","121106","B.O","Delivery","Faridabad","Ambala  HQ","Haryana","Hodal","Faridabad","HARYANA","NCR"
"Nangal Jat B.O","121105","B.O","Delivery","Faridabad","Ambala  HQ","Haryana","Hodal","Faridabad","HARYANA","NCR"
"Neemka B.O","121004","B.O","Delivery","Faridabad","Ambala  HQ","Haryana","Ballabgarh","Faridabad","HARYANA","NCR"
"Ali Meo B.O","121106","B.O","Delivery","Faridabad","Ambala  HQ","Haryana","Hodal","Faridabad","HARYANA","NCR"
"Amroli B.O","121102","B.O","Delivery","Faridabad","Ambala  HQ","Haryana","Palwal","Faridabad","HARYANA","NCR"
"Asaota B.O","121102","B.O","Delivery","Faridabad","Ambala  HQ","Haryana","Palwal","Faridabad","HARYANA","NCR"
"Asaoti B.O","121102","B.O","Delivery","Faridabad","Ambala  HQ","Haryana","Palwal","Faridabad","HARYANA","NCR"
"Bamni Khera B.O","121105","B.O","Delivery","Faridabad","Ambala  HQ","Haryana","Palwal","Faridabad","HARYANA","NCR"
"Dighot B.O","121105","B.O","Delivery","Faridabad","Ambala  HQ","Haryana","Palwal","Faridabad","HARYANA","NCR"
"Gorota B.O","121106","B.O","Delivery","Faridabad","Ambala  HQ","Haryana","Hodal","Faridabad","HARYANA","NCR"
"Hodal S.O","121106","S.O","Delivery","Faridabad","Ambala  HQ","Haryana","Hodal","Faridabad","HARYANA","NCR"
"Kheri Kalan B.O","121002","B.O","Delivery","Faridabad","Ambala  HQ","Haryana","Faridabad","Faridabad","HARYANA","NCR"
"Kot B.O","121103","B.O","Delivery","Faridabad","Ambala  HQ","Haryana","Hathin","Faridabad","HARYANA","NCR"
"Likhi B.O","121107","B.O","Delivery","Faridabad","Ambala  HQ","Haryana","Hodal","Faridabad","HARYANA","NCR"
"Sec-91 S.O","121013","S.O","Delivery","Faridabad","Ambala  HQ","Haryana","Faridabad","Faridabad","HARYANA","NCR"
"Teekri Brahman B.O","121102","B.O","Delivery","Faridabad","Ambala  HQ","Haryana","Palwal","Faridabad","HARYANA","NCR"
"Alika B.O","121102","B.O","Delivery","Faridabad","Ambala  HQ","Haryana","Palwal","Faridabad","HARYANA","NCR"
"Alipur B.O","121101","B.O","Delivery","Faridabad","Ambala  HQ","Haryana","Ballabgarh","Faridabad","HARYANA","NCR"
"Anangpur B.O","121003","B.O","Delivery","Faridabad","Ambala  HQ","Haryana","Faridabad","Faridabad","HARYANA","NCR"
"Atali B.O","121004","B.O","Delivery","Faridabad","Ambala  HQ","Haryana","Ballabgarh","Faridabad","HARYANA","NCR"
"Dhauj B.O","121004","B.O","Delivery","Faridabad","Ambala  HQ","Haryana","Ballabgarh","Faridabad","HARYANA","NCR"
"Escortsnagar Faridabad S.O","121007","S.O","Delivery","Faridabad","Ambala  HQ","Haryana","Faridabad","Faridabad","HARYANA","NCR"
"Faridabad Sector 16a  S.O","121002","S.O","Delivery","Faridabad","Ambala  HQ","Haryana","Faridabad","Faridabad","HARYANA","NCR"
"Faridabad Sector 22 S.O","121005","S.O","Delivery","Faridabad","Ambala  HQ","Haryana","Faridabad","Faridabad","HARYANA","NCR"
"Gulawad B.O","121107","B.O","Delivery","Faridabad","Ambala  HQ","Haryana","Hodal","Faridabad","HARYANA","NCR"
"Panhera Khurd B.O","121004","B.O","Delivery","Faridabad","Ambala  HQ","Haryana","Ballabgarh","Faridabad","HARYANA","NCR"
"Seeha B.O","121102","B.O","Delivery","Faridabad","Ambala  HQ","Haryana","Palwal","Faridabad","HARYANA","NCR"
"Amarnagar S.O (Faridabad)","121003","S.O","Delivery","Faridabad","Ambala  HQ","Haryana","Faridabad","Faridabad","HARYANA","NCR"
"Bahin B.O","121105","B.O","Delivery","Faridabad","Ambala  HQ","Haryana","Hodal","Faridabad","HARYANA","NCR"
"Chandpur B.O","121101","B.O","Delivery","Faridabad","Ambala  HQ","Haryana","Ballabgarh","Faridabad","HARYANA","NCR"
"Chhainsa B.O","121004","B.O","Delivery","Faridabad","Ambala  HQ","Haryana","Ballabgarh","Faridabad","HARYANA","NCR"
"Chhainsa B.O","121103","B.O","Delivery","Faridabad","Ambala  HQ","Haryana","Hathin","Faridabad","HARYANA","NCR"
"Fatehpur Billoch B.O","121004","B.O","Delivery","Faridabad","Ambala  HQ","Haryana","Ballabgarh","Faridabad","HARYANA","NCR"
"Jaindapur B.O","121102","B.O","Delivery","Faridabad","Ambala  HQ","Haryana","Palwal","Faridabad","HARYANA","NCR"
"Kurali B.O","121101","B.O","Delivery","Faridabad","Ambala  HQ","Haryana","Ballabgarh","Faridabad","HARYANA","NCR"
"Chant B.O","121102","B.O","Delivery","Faridabad","Ambala  HQ","Haryana","Palwal","Faridabad","HARYANA","NCR"
"Chirwari B.O","121102","B.O","Delivery","Faridabad","Ambala  HQ","Haryana","Palwal","Faridabad","HARYANA","NCR"
"Gurukul Indraprashtha B.O","121003","B.O","Delivery","Faridabad","Ambala  HQ","Haryana","Faridabad","Faridabad","HARYANA","NCR"
"Hathin S.O","121103","S.O","Delivery","Faridabad","Ambala  HQ","Haryana","Hathin","Faridabad","HARYANA","NCR"
"Khaika B.O","121106","B.O","Delivery","Faridabad","Ambala  HQ","Haryana","Hodal","Faridabad","HARYANA","NCR"
"Seekri B.O","121004","B.O","Delivery","Faridabad","Ambala  HQ","Haryana","Ballabgarh","Faridabad","HARYANA","NCR"
"Sihol B.O","121102","B.O","Delivery","Faridabad","Ambala  HQ","Haryana","Palwal","Faridabad","HARYANA","NCR"
"Surajkund Faridabad S.O","121009","S.O","Delivery","Faridabad","Ambala  HQ","Haryana","Faridabad","Faridabad","HARYANA","NCR"
"Tilpat B.O","121003","B.O","Delivery","Faridabad","Ambala  HQ","Haryana","Faridabad","Faridabad","HARYANA","NCR"
"Aharwan B.O","121102","B.O","Delivery","Faridabad","Ambala  HQ","Haryana","Palwal","Faridabad","HARYANA","NCR"
"Aurangabad S.O (Faridabad)","121105","S.O","Delivery","Faridabad","Ambala  HQ","Haryana","Palwal","Faridabad","HARYANA","NCR"
"Ballabgarh S.O","121004","S.O","Delivery","Faridabad","Ambala  HQ","Haryana","Ballabgarh","Faridabad","HARYANA","NCR"
"Baroli B.O","121102","B.O","Delivery","Faridabad","Ambala  HQ","Haryana","Palwal","Faridabad","HARYANA","NCR"
"Deeg B.O","121004","B.O","Delivery","Faridabad","Ambala  HQ","Haryana","Ballabgarh","Faridabad","HARYANA","NCR"
"Dhatir B.O","121102","B.O","Delivery","Faridabad","Ambala  HQ","Haryana","Palwal","Faridabad","HARYANA","NCR"
"Faridabad Sector 7 S.O","121006","S.O","Delivery","Faridabad","Ambala  HQ","Haryana","Ballabgarh","Faridabad","HARYANA","NCR"
"Faridpur B.O","121101","B.O","Delivery","Faridabad","Ambala  HQ","Haryana","Ballabgarh","Faridabad","HARYANA","NCR"
"Gharrot B.O","121103","B.O","Delivery","Faridabad","Ambala  HQ","Haryana","Hathin","Faridabad","HARYANA","NCR"
"Hassanpur S.O","121107","S.O","Delivery","Faridabad","Ambala  HQ","Haryana","Hodal","Faridabad","HARYANA","NCR"
"Malai B.O","121103","B.O","Delivery","Faridabad","Ambala  HQ","Haryana","Hathin","Faridabad","HARYANA","NCR"
"Mohna B.O","121004","B.O","Delivery","Faridabad","Ambala  HQ","Haryana","Ballabgarh","Faridabad","HARYANA","NCR"
"Pingore B.O","121105","B.O","Delivery","Faridabad","Ambala  HQ","Haryana","Palwal","Faridabad","HARYANA","NCR"
"Rupraka B.O","121103","B.O","Delivery","Faridabad","Ambala  HQ","Haryana","Hathin","Faridabad","HARYANA","NCR"
"Sagarpur B.O","121004","B.O","Delivery","Faridabad","Ambala  HQ","Haryana","Ballabgarh","Faridabad","HARYANA","NCR"
"Seoli B.O","121105","B.O","Delivery","Faridabad","Ambala  HQ","Haryana","Hodal","Faridabad","HARYANA","NCR"
"Tappa Bilochpur B.O","121107","B.O","Delivery","Faridabad","Ambala  HQ","Haryana","Hodal","Faridabad","HARYANA","NCR"
"Tigaon S.O","121101","S.O","Delivery","Faridabad","Ambala  HQ","Haryana","Ballabgarh","Faridabad","HARYANA","NCR"
"Banchari B.O","121106","B.O","Delivery","Faridabad","Ambala  HQ","Haryana","Hodal","Faridabad","HARYANA","NCR"
"Baroli B.O","121004","B.O","Delivery","Faridabad","Ambala  HQ","Haryana","Ballabgarh","Faridabad","HARYANA","NCR"
"Bhainsrawali B.O","121101","B.O","Delivery","Faridabad","Ambala  HQ","Haryana","Ballabgarh","Faridabad","HARYANA","NCR"
"Dayalpur B.O","121004","B.O","Delivery","Faridabad","Ambala  HQ","Haryana","Ballabgarh","Faridabad","HARYANA","NCR"
"Ghori B.O","121102","B.O","Delivery","Faridabad","Ambala  HQ","Haryana","Palwal","Faridabad","HARYANA","NCR"
"Gonchhi B.O","121004","B.O","Delivery","Faridabad","Ambala  HQ","Haryana","Ballabgarh","Faridabad","HARYANA","NCR"
"Hurithal B.O","121103","B.O","Delivery","Faridabad","Ambala  HQ","Haryana","Hathin","Faridabad","HARYANA","NCR"
"Kondal B.O","121103","B.O","Delivery","Faridabad","Ambala  HQ","Haryana","Hathin","Faridabad","HARYANA","NCR"
"Lohina B.O","121106","B.O","Delivery","Faridabad","Ambala  HQ","Haryana","Hodal","Faridabad","HARYANA","NCR"
"Machhgar B.O","121004","B.O","Delivery","Faridabad","Ambala  HQ","Haryana","Ballabgarh","Faridabad","HARYANA","NCR"
"Manjhawali B.O","121101","B.O","Delivery","Faridabad","Ambala  HQ","Haryana","Ballabgarh","Faridabad","HARYANA","NCR"
"Pali B.O","121004","B.O","Delivery","Faridabad","Ambala  HQ","Haryana","Ballabgarh","Faridabad","HARYANA","NCR"
"Prithla B.O","121102","B.O","Delivery","Faridabad","Ambala  HQ","Haryana","Palwal","Faridabad","HARYANA","NCR"
"Chhipyana B.O","201009","B.O","Delivery","Ghaziabad","Lucknow  HQ","Uttar Pradesh","Chhpyana","Ghaziabad","UTTAR PRADESH","NCR"
"Dhoomedso B.O","203207","B.O","Delivery","Ghaziabad","Lucknow  HQ","Uttar Pradesh","Dhoom","Gautam Buddha Nagar","UTTAR PRADESH","NCR"
"Gautam Budh University S.O","201312","S.O","Delivery","Ghaziabad","Lucknow  HQ","Uttar Pradesh","G B nagar","Gautam Buddha Nagar","UTTAR PRADESH","NCR"
"Govindpuri S.O","201201","S.O","Delivery","Ghaziabad","Lucknow  HQ","Uttar Pradesh","Hapur","Ghaziabad","UTTAR PRADESH","NCR"
"I.A. Surajpur S.O","201306","S.O","Delivery","Ghaziabad","Lucknow  HQ","Uttar Pradesh","Noida","Gautam Buddha Nagar","UTTAR PRADESH","NCR"
"Kavi Nagar S.O","201002","S.O","Delivery","Ghaziabad","Lucknow  HQ","Uttar Pradesh","Ghaziabad","Ghaziabad","UTTAR PRADESH","NCR"
"Makanpur B.O","201014","B.O","Delivery","Ghaziabad","Lucknow  HQ","Uttar Pradesh","Ghaziabad","Ghaziabad","UTTAR PRADESH","NCR"
"Nistoli B.O","201003","B.O","Delivery","Ghaziabad","Lucknow  HQ","Uttar Pradesh","Nistoli","Ghaziabad","UTTAR PRADESH","NCR"
"Noida Sector 62 S.O","201309","S.O","Delivery","Ghaziabad","Lucknow  HQ","Uttar Pradesh","Noida","Gautam Buddha Nagar","UTTAR PRADESH","NCR"
"Aurangabad Ristal B.O","201003","B.O","Delivery","Ghaziabad","Lucknow  HQ","Uttar Pradesh","Aurangabad Ristal","Ghaziabad","UTTAR PRADESH","NCR"
"Babugarh S.O","245201","S.O","Delivery","Ghaziabad","Lucknow  HQ","Uttar Pradesh","Hapur","Ghaziabad","UTTAR PRADESH","NCR"
"Bhup Kheri B.O","201003","B.O","Delivery","Ghaziabad","Lucknow  HQ","Uttar Pradesh","Bhup Kheri","Ghaziabad","UTTAR PRADESH","NCR"
"Chamri B.O","245101","B.O","Delivery","Ghaziabad","Lucknow  HQ","Uttar Pradesh","Hapur","Ghaziabad","UTTAR PRADESH","NCR"
"Chikamberpur S.O","201006","S.O","Delivery","Ghaziabad","Lucknow  HQ","Uttar Pradesh","Ghaziabad","Ghaziabad","UTTAR PRADESH","NCR"
"Dasna B.O","201015","B.O","Delivery","Ghaziabad","Lucknow  HQ","Uttar Pradesh","Ghaziabad","Ghaziabad","UTTAR PRADESH","NCR"
"Dasna R.S. B.O","201015","B.O","Delivery","Ghaziabad","Lucknow  HQ","Uttar Pradesh","Ghaziabad","Ghaziabad","UTTAR PRADESH","NCR"
"Galand B.O","201015","B.O","Delivery","Ghaziabad","Lucknow  HQ","Uttar Pradesh","Ghaziabad","Ghaziabad","UTTAR PRADESH","NCR"
"Ghaziabad City S.O","201009","S.O","Delivery","Ghaziabad","Lucknow  HQ","Uttar Pradesh","Ghaziabad","Ghaziabad","UTTAR PRADESH","NCR"
"Khiluai B.O","245205","B.O","Delivery","Ghaziabad","Lucknow  HQ","Uttar Pradesh","Khiluai","Ghaziabad","UTTAR PRADESH","NCR"
"Maicha B.O","201310","B.O","Delivery","Ghaziabad","Lucknow  HQ","Uttar Pradesh","Maicha","Gautam Buddha Nagar","UTTAR PRADESH","NCR"
"Murad Nagar S.O (Ghaziabad)","201206","S.O","Delivery","Ghaziabad","Lucknow  HQ","Uttar Pradesh","Ghaziabad","Ghaziabad","UTTAR PRADESH","NCR"
"Noida Sector 34 S.O","201307","S.O","Delivery","Ghaziabad","Lucknow  HQ","Uttar Pradesh","Noida","Gautam Buddha Nagar","UTTAR PRADESH","NCR"
"Samana B.O","245301","B.O","Delivery","Ghaziabad","Lucknow  HQ","Uttar Pradesh","Dhaulana","Ghaziabad","UTTAR PRADESH","NCR"
"Shipra Sun City S.O","201014","S.O","Delivery","Ghaziabad","Lucknow  HQ","Uttar Pradesh","Ghaziabad","Ghaziabad","UTTAR PRADESH","NCR"
"Vidyut Nagar S.O (Gautam Buddha Nagar)","201008","S.O","Delivery","Ghaziabad","Lucknow  HQ","Uttar Pradesh","Noida","Gautam Buddha Nagar","UTTAR PRADESH","NCR"
"Bahadurgarh S.O","245208","S.O","Delivery","Ghaziabad","Lucknow  HQ","Uttar Pradesh","Hapur","Ghaziabad","UTTAR PRADESH","NCR"
"Bisrakh B.O","201306","B.O","Delivery","Ghaziabad","Lucknow  HQ","Uttar Pradesh","Bishrakh","Gautam Buddha Nagar","UTTAR PRADESH","NCR"
"Dhaulana S.O","245301","S.O","Delivery","Ghaziabad","Lucknow  HQ","Uttar Pradesh","Ghaziabad","Ghaziabad","UTTAR PRADESH","NCR"
"Ghaziabad H.O","201001","H.O","Delivery","Ghaziabad","Lucknow  HQ","Uttar Pradesh","Ghaziabad","Ghaziabad","UTTAR PRADESH","NCR"
"Hindan Nagar S.O","201015","S.O","Delivery","Ghaziabad","Lucknow  HQ","Uttar Pradesh","Ghaziabad","Ghaziabad","UTTAR PRADESH","NCR"
"Khanjarpur B.O","201204","B.O","Delivery","Ghaziabad","Lucknow  HQ","Uttar Pradesh","Khanjarpur","Ghaziabad","UTTAR PRADESH","NCR"
"Loni S.O","201102","S.O","Delivery","Ghaziabad","Lucknow  HQ","Uttar Pradesh","Ghaziabad","Ghaziabad","UTTAR PRADESH","NCR"
"Mohan Nagar S.O (Ghaziabad)","201007","S.O","Delivery","Ghaziabad","Lucknow  HQ","Uttar Pradesh","Ghaziabad","Ghaziabad","UTTAR PRADESH","NCR"
"Pilkhauwa Post Office S.O","245304","S.O","Delivery","Ghaziabad","Lucknow  HQ","Uttar Pradesh","Ghaziabad","Ghaziabad","UTTAR PRADESH","NCR"
"Roza Yakubpur B.O","201009","B.O","Delivery","Ghaziabad","Lucknow  HQ","Uttar Pradesh","Roza Yakubpur","Ghaziabad","UTTAR PRADESH","NCR"
"Sahibabad S.O","201005","S.O","Delivery","Ghaziabad","Lucknow  HQ","Uttar Pradesh","Ghaziabad","Ghaziabad","UTTAR PRADESH","NCR"
"Shahpur Bamheta B.O","201002","B.O","Delivery","Ghaziabad","Lucknow  HQ","Uttar Pradesh","Shahpur Bamheta","Ghaziabad","UTTAR PRADESH","NCR"
"Solana B.O","245301","B.O","Delivery","Ghaziabad","Lucknow  HQ","Uttar Pradesh","Dhaulana","Ghaziabad","UTTAR PRADESH","NCR"
"Vaishali S.O","201019","S.O","Delivery","Ghaziabad","Lucknow  HQ","Uttar Pradesh","Ghaziabad","Ghaziabad","UTTAR PRADESH","NCR"
"Adhyatmic Nagar B.O","201015","B.O","Delivery","Ghaziabad","Lucknow  HQ","Uttar Pradesh","Ghaziabad","Ghaziabad","UTTAR PRADESH","NCR"
"Hassanpur B.O","201015","B.O","Delivery","Ghaziabad","Lucknow  HQ","Uttar Pradesh","Ghaziabad","Ghaziabad","UTTAR PRADESH","NCR"
"Modi Nagar S.O","201204","S.O","Delivery","Ghaziabad","Lucknow  HQ","Uttar Pradesh","Hapur","Ghaziabad","UTTAR PRADESH","NCR"
"Piyaoli B.O","201008","B.O","Delivery","Ghaziabad","Lucknow  HQ","Uttar Pradesh","Piyaoli","Gautam Buddha Nagar","UTTAR PRADESH","NCR"
"Shiv Nadar University S.O","201314","S.O","Delivery","Ghaziabad","Lucknow  HQ","Uttar Pradesh","Dadri","Gautam Buddha Nagar","UTTAR PRADESH","NCR"
"Ator Nagla B.O","201003","B.O","Delivery","Ghaziabad","Lucknow  HQ","Uttar Pradesh","Ator Nagla","Ghaziabad","UTTAR PRADESH","NCR"
"Container Depot S.O","201311","S.O","Delivery","Ghaziabad","Lucknow  HQ","Uttar Pradesh","Dadri","Gautam Buddha Nagar","UTTAR PRADESH","NCR"
"Dundahera B.O","201009","B.O","Delivery","Ghaziabad","Lucknow  HQ","Uttar Pradesh","Ghaziabad","Ghaziabad","UTTAR PRADESH","NCR"
"Hapur H.O","245101","H.O","Delivery","Ghaziabad","Lucknow  HQ","Uttar Pradesh","Hapur","Ghaziabad","UTTAR PRADESH","NCR"
"Hasanpur Bhowapur B.O","201010","B.O","Delivery","Ghaziabad","Lucknow  HQ","Uttar Pradesh","Ghaziabad","Ghaziabad","UTTAR PRADESH","NCR"
"Knowledge Park-I S.O","201310","S.O","Delivery","Ghaziabad","Lucknow  HQ","Uttar Pradesh","Gautam Budh Nagar","Gautam Buddha Nagar","UTTAR PRADESH","NCR"
"Kushlia B.O","201015","B.O","Delivery","Ghaziabad","Lucknow  HQ","Uttar Pradesh","Ghaziabad","Ghaziabad","UTTAR PRADESH","NCR"
"Meerut Road S.O","201003","S.O","Delivery","Ghaziabad","Lucknow  HQ","Uttar Pradesh","Ghaziabad","Ghaziabad","UTTAR PRADESH","NCR"
"Nahal B.O","201015","B.O","Delivery","Ghaziabad","Lucknow  HQ","Uttar Pradesh","Ghaziabad","Ghaziabad","UTTAR PRADESH","NCR"
"Noida H.O","201301","H.O","Delivery","Ghaziabad","Lucknow  HQ","Uttar Pradesh","Noida","Gautam Buddha Nagar","UTTAR PRADESH","NCR"
"Parpa B.O","245301","B.O","Delivery","Ghaziabad","Lucknow  HQ","Uttar Pradesh","Dhaulana","Ghaziabad","UTTAR PRADESH","NCR"
"Sapnawat B.O","245101","B.O","Delivery","Ghaziabad","Lucknow  HQ","Uttar Pradesh","Hapur","Ghaziabad","UTTAR PRADESH","NCR"
"Vasundhra S.O","201012","S.O","Delivery","Ghaziabad","Lucknow  HQ","Uttar Pradesh","Ghaziabad","Ghaziabad","UTTAR PRADESH","NCR"
"Achheja B.O","203207","B.O","Delivery","Ghaziabad","Lucknow  HQ","Uttar Pradesh","Achheja","Gautam Buddha Nagar","UTTAR PRADESH","NCR"
"Bisara B.O","201008","B.O","Delivery","Ghaziabad","Lucknow  HQ","Uttar Pradesh","Bisara","Gautam Buddha Nagar","UTTAR PRADESH","NCR"
"Chhaprola B.O","201009","B.O","Delivery","Ghaziabad","Lucknow  HQ","Uttar Pradesh","Chhprola","Ghaziabad","UTTAR PRADESH","NCR"
"Crossing Republik","201016","S.O","Delivery","Ghaziabad","Lucknow  HQ","Uttar Pradesh","Ghaziabad","Ghaziabad","UTTAR PRADESH","NCR"
"Dadri S.O","203207","S.O","Delivery","Ghaziabad","Lucknow  HQ","Uttar Pradesh","Noida","Gautam Buddha Nagar","UTTAR PRADESH","NCR"
"Dehra B.O","245301","B.O","Delivery","Ghaziabad","Lucknow  HQ","Uttar Pradesh","Dhaulana","Ghaziabad","UTTAR PRADESH","NCR"
"Garhmukhteshwer S.O","245205","S.O","Delivery","Ghaziabad","Lucknow  HQ","Uttar Pradesh","Hapur","Ghaziabad","UTTAR PRADESH","NCR"
"Maharishi Nagar S.O","201304","S.O","Delivery","Ghaziabad","Lucknow  HQ","Uttar Pradesh","Noida","Gautam Buddha Nagar","UTTAR PRADESH","NCR"
"Raj Nagar Extension S.O","201017","S.O","Delivery","Ghaziabad","Lucknow  HQ","Uttar Pradesh","Ghaziabad","Ghaziabad","UTTAR PRADESH","NCR"
"Chander Nagar S.O","201011","S.O","Delivery","Ghaziabad","Lucknow  HQ","Uttar Pradesh","Ghaziabad","Ghaziabad","UTTAR PRADESH","NCR"
"Farrukh Nagar B.O","201003","B.O","Delivery","Ghaziabad","Lucknow  HQ","Uttar Pradesh","Ghaziabad","Ghaziabad","UTTAR PRADESH","NCR"
"I.E.Sahibabad S.O","201010","S.O","Delivery","Ghaziabad","Lucknow  HQ","Uttar Pradesh","Ghaziabad","Ghaziabad","UTTAR PRADESH","NCR"
"Jindal Nagar B.O","201015","B.O","Delivery","Ghaziabad","Lucknow  HQ","Uttar Pradesh","Ghaziabad","Ghaziabad","UTTAR PRADESH","NCR"
"Nepz Post Office S.O","201305","S.O","Delivery","Ghaziabad","Lucknow  HQ","Uttar Pradesh","Noida","Gautam Buddha Nagar","UTTAR PRADESH","NCR"
"Pasonda B.O","201005","B.O","Delivery","Ghaziabad","Lucknow  HQ","Uttar Pradesh","Pasonda","Ghaziabad","UTTAR PRADESH","NCR"
"Salarpur Kalan B.O","201008","B.O","Delivery","Ghaziabad","Lucknow  HQ","Uttar Pradesh","Salarpur Kalan","Gautam Buddha Nagar","UTTAR PRADESH","NCR"
"Simbhaoli S.O","245207","S.O","Delivery","Ghaziabad","Lucknow  HQ","Uttar Pradesh","Hapur","Ghaziabad","UTTAR PRADESH","NCR"
"Tronica City S.O","201103","S.O","Delivery","Ghaziabad","Lucknow  HQ","Uttar Pradesh","NA","Ghaziabad","UTTAR PRADESH","NCR"
"Amity University S.O","201313","S.O","Delivery","Ghaziabad","Lucknow  HQ","Uttar Pradesh","Dadri","Gautam Buddha Nagar","UTTAR PRADESH","NCR"
"Govindpuram S.O","201013","S.O","Delivery","Ghaziabad","Lucknow  HQ","Uttar Pradesh","Ghaziabad","Ghaziabad","UTTAR PRADESH","NCR"
"Hindon Air Field S.O","201004","S.O","Delivery","Ghaziabad","Lucknow  HQ","Uttar Pradesh","Ghaziabad","Ghaziabad","UTTAR PRADESH","NCR"
"Kandaula B.O","245301","B.O","Delivery","Ghaziabad","Lucknow  HQ","Uttar Pradesh","Dhaulana","Ghaziabad","UTTAR PRADESH","NCR"
"Morta B.O","201003","B.O","Delivery","Ghaziabad","Lucknow  HQ","Uttar Pradesh","Morta","Ghaziabad","UTTAR PRADESH","NCR"
"Noida Sector 37 S.O","201303","S.O","Delivery","Ghaziabad","Lucknow  HQ","Uttar Pradesh","Noida","Gautam Buddha Nagar","UTTAR PRADESH","NCR"
"Udai Rampur Nagla B.O","201015","B.O","Delivery","Ghaziabad","Lucknow  HQ","Uttar Pradesh","Ghaziabad","Ghaziabad","UTTAR PRADESH","NCR"
